user_id,context_status,context_reason
U0058,NO_KNOWN_CHANGE,No legitimate context recorded
U0708,NO_KNOWN_CHANGE,No legitimate context recorded
U0109,NO_KNOWN_CHANGE,No legitimate context recorded
U0269,NO_KNOWN_CHANGE,No legitimate context recorded
U0734,NO_KNOWN_CHANGE,No legitimate context recorded
U0541,NO_KNOWN_CHANGE,No legitimate context recorded
U0176,NO_KNOWN_CHANGE,No legitimate context recorded
U0136,NO_KNOWN_CHANGE,No legitimate context recorded
U0767,NO_KNOWN_CHANGE,No legitimate context recorded
U0148,NO_KNOWN_CHANGE,No legitimate context recorded
U0400,NO_KNOWN_CHANGE,No legitimate context recorded
U0353,NO_KNOWN_CHANGE,No legitimate context recorded
U0662,NO_KNOWN_CHANGE,No legitimate context recorded
U0891,NO_KNOWN_CHANGE,No legitimate context recorded
U0201,NO_KNOWN_CHANGE,No legitimate context recorded
U0052,NO_KNOWN_CHANGE,No legitimate context recorded
U0787,NO_KNOWN_CHANGE,No legitimate context recorded
U0339,NO_KNOWN_CHANGE,No legitimate context recorded
U0632,NO_KNOWN_CHANGE,No legitimate context recorded
U0047,LEGITIMATE_CHANGE,New project assignment recorded in synthetic context
U0435,NO_KNOWN_CHANGE,No legitimate context recorded
U0587,NO_KNOWN_CHANGE,No legitimate context recorded
U0810,NO_KNOWN_CHANGE,No legitimate context recorded
U0115,NO_KNOWN_CHANGE,No legitimate context recorded
U0271,NO_KNOWN_CHANGE,No legitimate context recorded
U0879,NO_KNOWN_CHANGE,No legitimate context recorded
U0094,NO_KNOWN_CHANGE,No legitimate context recorded
U0522,NO_KNOWN_CHANGE,No legitimate context recorded
U0849,NO_KNOWN_CHANGE,No legitimate context recorded
U0973,NO_KNOWN_CHANGE,No legitimate context recorded
U0195,NO_KNOWN_CHANGE,No legitimate context recorded
U0685,NO_KNOWN_CHANGE,No legitimate context recorded
U0426,NO_KNOWN_CHANGE,No legitimate context recorded
U0590,NO_KNOWN_CHANGE,No legitimate context recorded
U0992,NO_KNOWN_CHANGE,No legitimate context recorded
U0987,NO_KNOWN_CHANGE,No legitimate context recorded
U0641,NO_KNOWN_CHANGE,No legitimate context recorded
U0021,LEGITIMATE_CHANGE,New project assignment recorded in synthetic context
U0518,NO_KNOWN_CHANGE,No legitimate context recorded
U0612,NO_KNOWN_CHANGE,No legitimate context recorded
U0917,NO_KNOWN_CHANGE,No legitimate context recorded
U0819,NO_KNOWN_CHANGE,No legitimate context recorded
U0838,NO_KNOWN_CHANGE,No legitimate context recorded
U0277,NO_KNOWN_CHANGE,No legitimate context recorded
U0678,NO_KNOWN_CHANGE,No legitimate context recorded
U0226,NO_KNOWN_CHANGE,No legitimate context recorded
U0579,NO_KNOWN_CHANGE,No legitimate context recorded
U0509,NO_KNOWN_CHANGE,No legitimate context recorded
U0760,NO_KNOWN_CHANGE,No legitimate context recorded
U0923,NO_KNOWN_CHANGE,No legitimate context recorded
U0125,NO_KNOWN_CHANGE,No legitimate context recorded
U0904,NO_KNOWN_CHANGE,No legitimate context recorded
U0443,NO_KNOWN_CHANGE,No legitimate context recorded
U0572,NO_KNOWN_CHANGE,No legitimate context recorded
U0832,NO_KNOWN_CHANGE,No legitimate context recorded
U0686,NO_KNOWN_CHANGE,No legitimate context recorded
U0048,LEGITIMATE_CHANGE,New project assignment recorded in synthetic context
U0054,NO_KNOWN_CHANGE,No legitimate context recorded
U0124,NO_KNOWN_CHANGE,No legitimate context recorded
U0610,NO_KNOWN_CHANGE,No legitimate context recorded
U0456,NO_KNOWN_CHANGE,No legitimate context recorded
U0582,NO_KNOWN_CHANGE,No legitimate context recorded
U0970,NO_KNOWN_CHANGE,No legitimate context recorded
U0551,NO_KNOWN_CHANGE,No legitimate context recorded
U0091,NO_KNOWN_CHANGE,No legitimate context recorded
U0546,NO_KNOWN_CHANGE,No legitimate context recorded
U0574,NO_KNOWN_CHANGE,No legitimate context recorded
U0121,NO_KNOWN_CHANGE,No legitimate context recorded
U0893,NO_KNOWN_CHANGE,No legitimate context recorded
U0803,NO_KNOWN_CHANGE,No legitimate context recorded
U0236,NO_KNOWN_CHANGE,No legitimate context recorded
U0633,NO_KNOWN_CHANGE,No legitimate context recorded
U0146,NO_KNOWN_CHANGE,No legitimate context recorded
U0699,NO_KNOWN_CHANGE,No legitimate context recorded
U0219,NO_KNOWN_CHANGE,No legitimate context recorded
U0017,LEGITIMATE_CHANGE,New project assignment recorded in synthetic context
U0748,NO_KNOWN_CHANGE,No legitimate context recorded
U0620,NO_KNOWN_CHANGE,No legitimate context recorded
U0497,NO_KNOWN_CHANGE,No legitimate context recorded
U0268,NO_KNOWN_CHANGE,No legitimate context recorded
U0775,NO_KNOWN_CHANGE,No legitimate context recorded
U0866,NO_KNOWN_CHANGE,No legitimate context recorded
U0665,NO_KNOWN_CHANGE,No legitimate context recorded
U0666,NO_KNOWN_CHANGE,No legitimate context recorded
U0588,NO_KNOWN_CHANGE,No legitimate context recorded
U0265,NO_KNOWN_CHANGE,No legitimate context recorded
U0301,NO_KNOWN_CHANGE,No legitimate context recorded
U0972,NO_KNOWN_CHANGE,No legitimate context recorded
U0776,NO_KNOWN_CHANGE,No legitimate context recorded
U0170,NO_KNOWN_CHANGE,No legitimate context recorded
U0389,NO_KNOWN_CHANGE,No legitimate context recorded
U0478,NO_KNOWN_CHANGE,No legitimate context recorded
U0328,NO_KNOWN_CHANGE,No legitimate context recorded
U0688,NO_KNOWN_CHANGE,No legitimate context recorded
U0646,NO_KNOWN_CHANGE,No legitimate context recorded
U0529,NO_KNOWN_CHANGE,No legitimate context recorded
U0830,NO_KNOWN_CHANGE,No legitimate context recorded
U0957,NO_KNOWN_CHANGE,No legitimate context recorded
U0913,NO_KNOWN_CHANGE,No legitimate context recorded
U0113,NO_KNOWN_CHANGE,No legitimate context recorded
U0059,NO_KNOWN_CHANGE,No legitimate context recorded
U0183,NO_KNOWN_CHANGE,No legitimate context recorded
U0462,NO_KNOWN_CHANGE,No legitimate context recorded
U0420,NO_KNOWN_CHANGE,No legitimate context recorded
U0875,NO_KNOWN_CHANGE,No legitimate context recorded
U0298,NO_KNOWN_CHANGE,No legitimate context recorded
U0616,NO_KNOWN_CHANGE,No legitimate context recorded
U0647,NO_KNOWN_CHANGE,No legitimate context recorded
U0455,NO_KNOWN_CHANGE,No legitimate context recorded
U0100,NO_KNOWN_CHANGE,No legitimate context recorded
U0937,NO_KNOWN_CHANGE,No legitimate context recorded
U0038,LEGITIMATE_CHANGE,New project assignment recorded in synthetic context
U0172,NO_KNOWN_CHANGE,No legitimate context recorded
U0157,NO_KNOWN_CHANGE,No legitimate context recorded
U0255,NO_KNOWN_CHANGE,No legitimate context recorded
U0777,NO_KNOWN_CHANGE,No legitimate context recorded
U1000,NO_KNOWN_CHANGE,No legitimate context recorded
U0784,NO_KNOWN_CHANGE,No legitimate context recorded
U0103,NO_KNOWN_CHANGE,No legitimate context recorded
U0614,NO_KNOWN_CHANGE,No legitimate context recorded
U0262,NO_KNOWN_CHANGE,No legitimate context recorded
U0706,NO_KNOWN_CHANGE,No legitimate context recorded
U0476,NO_KNOWN_CHANGE,No legitimate context recorded
U0570,NO_KNOWN_CHANGE,No legitimate context recorded
U0806,NO_KNOWN_CHANGE,No legitimate context recorded
U0111,NO_KNOWN_CHANGE,No legitimate context recorded
U0260,NO_KNOWN_CHANGE,No legitimate context recorded
U0500,NO_KNOWN_CHANGE,No legitimate context recorded
U0414,NO_KNOWN_CHANGE,No legitimate context recorded
U0223,NO_KNOWN_CHANGE,No legitimate context recorded
U0977,NO_KNOWN_CHANGE,No legitimate context recorded
U0025,LEGITIMATE_CHANGE,New project assignment recorded in synthetic context
U0890,NO_KNOWN_CHANGE,No legitimate context recorded
U0951,NO_KNOWN_CHANGE,No legitimate context recorded
U0441,NO_KNOWN_CHANGE,No legitimate context recorded
U0356,NO_KNOWN_CHANGE,No legitimate context recorded
U0542,NO_KNOWN_CHANGE,No legitimate context recorded
U0524,NO_KNOWN_CHANGE,No legitimate context recorded
U0415,NO_KNOWN_CHANGE,No legitimate context recorded
U0816,NO_KNOWN_CHANGE,No legitimate context recorded
U0131,NO_KNOWN_CHANGE,No legitimate context recorded
U0965,NO_KNOWN_CHANGE,No legitimate context recorded
U0523,NO_KNOWN_CHANGE,No legitimate context recorded
U0088,NO_KNOWN_CHANGE,No legitimate context recorded
U0644,NO_KNOWN_CHANGE,No legitimate context recorded
U0583,NO_KNOWN_CHANGE,No legitimate context recorded
U0180,NO_KNOWN_CHANGE,No legitimate context recorded
U0354,NO_KNOWN_CHANGE,No legitimate context recorded
U0834,NO_KNOWN_CHANGE,No legitimate context recorded
U0232,NO_KNOWN_CHANGE,No legitimate context recorded
U0089,NO_KNOWN_CHANGE,No legitimate context recorded
U0051,NO_KNOWN_CHANGE,No legitimate context recorded
U0143,NO_KNOWN_CHANGE,No legitimate context recorded
U0883,NO_KNOWN_CHANGE,No legitimate context recorded
U0550,NO_KNOWN_CHANGE,No legitimate context recorded
U0395,NO_KNOWN_CHANGE,No legitimate context recorded
U0997,NO_KNOWN_CHANGE,No legitimate context recorded
U0489,NO_KNOWN_CHANGE,No legitimate context recorded
U0687,NO_KNOWN_CHANGE,No legitimate context recorded
U0105,NO_KNOWN_CHANGE,No legitimate context recorded
U0295,NO_KNOWN_CHANGE,No legitimate context recorded
U0836,NO_KNOWN_CHANGE,No legitimate context recorded
U0650,NO_KNOWN_CHANGE,No legitimate context recorded
U0247,NO_KNOWN_CHANGE,No legitimate context recorded
U0848,NO_KNOWN_CHANGE,No legitimate context recorded
U0993,NO_KNOWN_CHANGE,No legitimate context recorded
U0014,LEGITIMATE_CHANGE,New project assignment recorded in synthetic context
U0072,NO_KNOWN_CHANGE,No legitimate context recorded
U0204,NO_KNOWN_CHANGE,No legitimate context recorded
U0753,NO_KNOWN_CHANGE,No legitimate context recorded
U0925,NO_KNOWN_CHANGE,No legitimate context recorded
U0164,NO_KNOWN_CHANGE,No legitimate context recorded
U0208,NO_KNOWN_CHANGE,No legitimate context recorded
U0041,LEGITIMATE_CHANGE,New project assignment recorded in synthetic context
U0703,NO_KNOWN_CHANGE,No legitimate context recorded
U0493,NO_KNOWN_CHANGE,No legitimate context recorded
U0667,NO_KNOWN_CHANGE,No legitimate context recorded
U0835,NO_KNOWN_CHANGE,No legitimate context recorded
U0837,NO_KNOWN_CHANGE,No legitimate context recorded
U0129,NO_KNOWN_CHANGE,No legitimate context recorded
U0555,NO_KNOWN_CHANGE,No legitimate context recorded
U0700,NO_KNOWN_CHANGE,No legitimate context recorded
U0067,NO_KNOWN_CHANGE,No legitimate context recorded
U0617,NO_KNOWN_CHANGE,No legitimate context recorded
U0154,NO_KNOWN_CHANGE,No legitimate context recorded
U0320,NO_KNOWN_CHANGE,No legitimate context recorded
U0330,NO_KNOWN_CHANGE,No legitimate context recorded
U0203,NO_KNOWN_CHANGE,No legitimate context recorded
U0634,NO_KNOWN_CHANGE,No legitimate context recorded
U0535,NO_KNOWN_CHANGE,No legitimate context recorded
U0272,NO_KNOWN_CHANGE,No legitimate context recorded
U0490,NO_KNOWN_CHANGE,No legitimate context recorded
U0798,NO_KNOWN_CHANGE,No legitimate context recorded
U0741,NO_KNOWN_CHANGE,No legitimate context recorded
U0153,NO_KNOWN_CHANGE,No legitimate context recorded
U0466,NO_KNOWN_CHANGE,No legitimate context recorded
U0363,NO_KNOWN_CHANGE,No legitimate context recorded
U0191,NO_KNOWN_CHANGE,No legitimate context recorded
U0212,NO_KNOWN_CHANGE,No legitimate context recorded
U0117,NO_KNOWN_CHANGE,No legitimate context recorded
U0200,NO_KNOWN_CHANGE,No legitimate context recorded
U0807,NO_KNOWN_CHANGE,No legitimate context recorded
U0252,NO_KNOWN_CHANGE,No legitimate context recorded
U0404,NO_KNOWN_CHANGE,No legitimate context recorded
U0378,NO_KNOWN_CHANGE,No legitimate context recorded
U0953,NO_KNOWN_CHANGE,No legitimate context recorded
U0796,NO_KNOWN_CHANGE,No legitimate context recorded
U0597,NO_KNOWN_CHANGE,No legitimate context recorded
U0854,NO_KNOWN_CHANGE,No legitimate context recorded
U0910,NO_KNOWN_CHANGE,No legitimate context recorded
U0589,NO_KNOWN_CHANGE,No legitimate context recorded
U0577,NO_KNOWN_CHANGE,No legitimate context recorded
U0802,NO_KNOWN_CHANGE,No legitimate context recorded
U0729,NO_KNOWN_CHANGE,No legitimate context recorded
U0005,LEGITIMATE_CHANGE,New project assignment recorded in synthetic context
U0001,LEGITIMATE_CHANGE,New project assignment recorded in synthetic context
U0851,NO_KNOWN_CHANGE,No legitimate context recorded
U0188,NO_KNOWN_CHANGE,No legitimate context recorded
U0831,NO_KNOWN_CHANGE,No legitimate context recorded
U0453,NO_KNOWN_CHANGE,No legitimate context recorded
U0985,NO_KNOWN_CHANGE,No legitimate context recorded
U0608,NO_KNOWN_CHANGE,No legitimate context recorded
U0710,NO_KNOWN_CHANGE,No legitimate context recorded
U0439,NO_KNOWN_CHANGE,No legitimate context recorded
U0813,NO_KNOWN_CHANGE,No legitimate context recorded
U0897,NO_KNOWN_CHANGE,No legitimate context recorded
U0061,NO_KNOWN_CHANGE,No legitimate context recorded
U0351,NO_KNOWN_CHANGE,No legitimate context recorded
U0988,NO_KNOWN_CHANGE,No legitimate context recorded
U0928,NO_KNOWN_CHANGE,No legitimate context recorded
U0930,NO_KNOWN_CHANGE,No legitimate context recorded
U0046,LEGITIMATE_CHANGE,New project assignment recorded in synthetic context
U0704,NO_KNOWN_CHANGE,No legitimate context recorded
U0484,NO_KNOWN_CHANGE,No legitimate context recorded
U0104,NO_KNOWN_CHANGE,No legitimate context recorded
U0885,NO_KNOWN_CHANGE,No legitimate context recorded
U0477,NO_KNOWN_CHANGE,No legitimate context recorded
U0615,NO_KNOWN_CHANGE,No legitimate context recorded
U0534,NO_KNOWN_CHANGE,No legitimate context recorded
U0996,NO_KNOWN_CHANGE,No legitimate context recorded
U0903,NO_KNOWN_CHANGE,No legitimate context recorded
U0681,NO_KNOWN_CHANGE,No legitimate context recorded
U0772,NO_KNOWN_CHANGE,No legitimate context recorded
U0338,NO_KNOWN_CHANGE,No legitimate context recorded
U0189,NO_KNOWN_CHANGE,No legitimate context recorded
U0436,NO_KNOWN_CHANGE,No legitimate context recorded
U0728,NO_KNOWN_CHANGE,No legitimate context recorded
U0108,NO_KNOWN_CHANGE,No legitimate context recorded
U0075,NO_KNOWN_CHANGE,No legitimate context recorded
U0986,NO_KNOWN_CHANGE,No legitimate context recorded
U0503,NO_KNOWN_CHANGE,No legitimate context recorded
U0773,NO_KNOWN_CHANGE,No legitimate context recorded
U0578,NO_KNOWN_CHANGE,No legitimate context recorded
U0086,NO_KNOWN_CHANGE,No legitimate context recorded
U0713,NO_KNOWN_CHANGE,No legitimate context recorded
U0900,NO_KNOWN_CHANGE,No legitimate context recorded
U0758,NO_KNOWN_CHANGE,No legitimate context recorded
U0911,NO_KNOWN_CHANGE,No legitimate context recorded
U0340,NO_KNOWN_CHANGE,No legitimate context recorded
U0801,NO_KNOWN_CHANGE,No legitimate context recorded
U0763,NO_KNOWN_CHANGE,No legitimate context recorded
U0629,NO_KNOWN_CHANGE,No legitimate context recorded
U0943,NO_KNOWN_CHANGE,No legitimate context recorded
U0789,NO_KNOWN_CHANGE,No legitimate context recorded
U0145,NO_KNOWN_CHANGE,No legitimate context recorded
U0399,NO_KNOWN_CHANGE,No legitimate context recorded
U0349,NO_KNOWN_CHANGE,No legitimate context recorded
U0827,NO_KNOWN_CHANGE,No legitimate context recorded
U0850,NO_KNOWN_CHANGE,No legitimate context recorded
U0770,NO_KNOWN_CHANGE,No legitimate context recorded
U0526,NO_KNOWN_CHANGE,No legitimate context recorded
U0921,NO_KNOWN_CHANGE,No legitimate context recorded
U0374,NO_KNOWN_CHANGE,No legitimate context recorded
U0018,LEGITIMATE_CHANGE,New project assignment recorded in synthetic context
U0158,NO_KNOWN_CHANGE,No legitimate context recorded
U0995,NO_KNOWN_CHANGE,No legitimate context recorded
U0863,NO_KNOWN_CHANGE,No legitimate context recorded
U0135,NO_KNOWN_CHANGE,No legitimate context recorded
U0009,LEGITIMATE_CHANGE,New project assignment recorded in synthetic context
U0391,NO_KNOWN_CHANGE,No legitimate context recorded
U0196,NO_KNOWN_CHANGE,No legitimate context recorded
U0939,NO_KNOWN_CHANGE,No legitimate context recorded
U0720,NO_KNOWN_CHANGE,No legitimate context recorded
U0786,NO_KNOWN_CHANGE,No legitimate context recorded
U0954,NO_KNOWN_CHANGE,No legitimate context recorded
U0539,NO_KNOWN_CHANGE,No legitimate context recorded
U0543,NO_KNOWN_CHANGE,No legitimate context recorded
U0006,LEGITIMATE_CHANGE,New project assignment recorded in synthetic context
U0901,NO_KNOWN_CHANGE,No legitimate context recorded
U0380,NO_KNOWN_CHANGE,No legitimate context recorded
U0220,NO_KNOWN_CHANGE,No legitimate context recorded
U0231,NO_KNOWN_CHANGE,No legitimate context recorded
U0657,NO_KNOWN_CHANGE,No legitimate context recorded
U0892,NO_KNOWN_CHANGE,No legitimate context recorded
U0290,NO_KNOWN_CHANGE,No legitimate context recorded
U0230,NO_KNOWN_CHANGE,No legitimate context recorded
U0956,NO_KNOWN_CHANGE,No legitimate context recorded
U0092,NO_KNOWN_CHANGE,No legitimate context recorded
U0057,NO_KNOWN_CHANGE,No legitimate context recorded
U0386,NO_KNOWN_CHANGE,No legitimate context recorded
U0194,NO_KNOWN_CHANGE,No legitimate context recorded
U0292,NO_KNOWN_CHANGE,No legitimate context recorded
U0519,NO_KNOWN_CHANGE,No legitimate context recorded
U0858,NO_KNOWN_CHANGE,No legitimate context recorded
U0598,NO_KNOWN_CHANGE,No legitimate context recorded
U0975,NO_KNOWN_CHANGE,No legitimate context recorded
U0472,NO_KNOWN_CHANGE,No legitimate context recorded
U0593,NO_KNOWN_CHANGE,No legitimate context recorded
U0902,NO_KNOWN_CHANGE,No legitimate context recorded
U0825,NO_KNOWN_CHANGE,No legitimate context recorded
U0254,NO_KNOWN_CHANGE,No legitimate context recorded
U0095,NO_KNOWN_CHANGE,No legitimate context recorded
U0267,NO_KNOWN_CHANGE,No legitimate context recorded
U0273,NO_KNOWN_CHANGE,No legitimate context recorded
U0228,NO_KNOWN_CHANGE,No legitimate context recorded
U0364,NO_KNOWN_CHANGE,No legitimate context recorded
U0144,NO_KNOWN_CHANGE,No legitimate context recorded
U0869,NO_KNOWN_CHANGE,No legitimate context recorded
U0510,NO_KNOWN_CHANGE,No legitimate context recorded
U0483,NO_KNOWN_CHANGE,No legitimate context recorded
U0791,NO_KNOWN_CHANGE,No legitimate context recorded
U0149,NO_KNOWN_CHANGE,No legitimate context recorded
U0942,NO_KNOWN_CHANGE,No legitimate context recorded
U0962,NO_KNOWN_CHANGE,No legitimate context recorded
U0276,NO_KNOWN_CHANGE,No legitimate context recorded
U0488,NO_KNOWN_CHANGE,No legitimate context recorded
U0899,NO_KNOWN_CHANGE,No legitimate context recorded
U0725,NO_KNOWN_CHANGE,No legitimate context recorded
U0833,NO_KNOWN_CHANGE,No legitimate context recorded
U0702,NO_KNOWN_CHANGE,No legitimate context recorded
U0283,NO_KNOWN_CHANGE,No legitimate context recorded
U0227,NO_KNOWN_CHANGE,No legitimate context recorded
U0778,NO_KNOWN_CHANGE,No legitimate context recorded
U0683,NO_KNOWN_CHANGE,No legitimate context recorded
U0605,NO_KNOWN_CHANGE,No legitimate context recorded
U0132,NO_KNOWN_CHANGE,No legitimate context recorded
U0948,NO_KNOWN_CHANGE,No legitimate context recorded
U0675,NO_KNOWN_CHANGE,No legitimate context recorded
U0291,NO_KNOWN_CHANGE,No legitimate context recorded
U0418,NO_KNOWN_CHANGE,No legitimate context recorded
U0069,NO_KNOWN_CHANGE,No legitimate context recorded
U0297,NO_KNOWN_CHANGE,No legitimate context recorded
U0562,NO_KNOWN_CHANGE,No legitimate context recorded
U0880,NO_KNOWN_CHANGE,No legitimate context recorded
U0120,NO_KNOWN_CHANGE,No legitimate context recorded
U0656,NO_KNOWN_CHANGE,No legitimate context recorded
U0007,LEGITIMATE_CHANGE,New project assignment recorded in synthetic context
U0747,NO_KNOWN_CHANGE,No legitimate context recorded
U0952,NO_KNOWN_CHANGE,No legitimate context recorded
U0314,NO_KNOWN_CHANGE,No legitimate context recorded
U0099,NO_KNOWN_CHANGE,No legitimate context recorded
U0877,NO_KNOWN_CHANGE,No legitimate context recorded
U0971,NO_KNOWN_CHANGE,No legitimate context recorded
U0502,NO_KNOWN_CHANGE,No legitimate context recorded
U0444,NO_KNOWN_CHANGE,No legitimate context recorded
U0604,NO_KNOWN_CHANGE,No legitimate context recorded
U0889,NO_KNOWN_CHANGE,No legitimate context recorded
U0601,NO_KNOWN_CHANGE,No legitimate context recorded
U0979,NO_KNOWN_CHANGE,No legitimate context recorded
U0886,NO_KNOWN_CHANGE,No legitimate context recorded
U0358,NO_KNOWN_CHANGE,No legitimate context recorded
U0631,NO_KNOWN_CHANGE,No legitimate context recorded
U0621,NO_KNOWN_CHANGE,No legitimate context recorded
U0239,NO_KNOWN_CHANGE,No legitimate context recorded
U0933,NO_KNOWN_CHANGE,No legitimate context recorded
U0242,NO_KNOWN_CHANGE,No legitimate context recorded
U0826,NO_KNOWN_CHANGE,No legitimate context recorded
U0138,NO_KNOWN_CHANGE,No legitimate context recorded
U0045,LEGITIMATE_CHANGE,New project assignment recorded in synthetic context
U0382,NO_KNOWN_CHANGE,No legitimate context recorded
U0412,NO_KNOWN_CHANGE,No legitimate context recorded
U0611,NO_KNOWN_CHANGE,No legitimate context recorded
U0035,LEGITIMATE_CHANGE,New project assignment recorded in synthetic context
U0829,NO_KNOWN_CHANGE,No legitimate context recorded
U0513,NO_KNOWN_CHANGE,No legitimate context recorded
U0981,NO_KNOWN_CHANGE,No legitimate context recorded
U0592,NO_KNOWN_CHANGE,No legitimate context recorded
U0342,NO_KNOWN_CHANGE,No legitimate context recorded
U0161,NO_KNOWN_CHANGE,No legitimate context recorded
U0757,NO_KNOWN_CHANGE,No legitimate context recorded
U0123,NO_KNOWN_CHANGE,No legitimate context recorded
U0872,NO_KNOWN_CHANGE,No legitimate context recorded
U0715,NO_KNOWN_CHANGE,No legitimate context recorded
U0163,NO_KNOWN_CHANGE,No legitimate context recorded
U0090,NO_KNOWN_CHANGE,No legitimate context recorded
U0452,NO_KNOWN_CHANGE,No legitimate context recorded
U0474,NO_KNOWN_CHANGE,No legitimate context recorded
U0002,LEGITIMATE_CHANGE,New project assignment recorded in synthetic context
U0846,NO_KNOWN_CHANGE,No legitimate context recorded
U0719,NO_KNOWN_CHANGE,No legitimate context recorded
U0346,NO_KNOWN_CHANGE,No legitimate context recorded
U0221,NO_KNOWN_CHANGE,No legitimate context recorded
U0537,NO_KNOWN_CHANGE,No legitimate context recorded
U0756,NO_KNOWN_CHANGE,No legitimate context recorded
U0337,NO_KNOWN_CHANGE,No legitimate context recorded
U0873,NO_KNOWN_CHANGE,No legitimate context recorded
U0156,NO_KNOWN_CHANGE,No legitimate context recorded
U0030,LEGITIMATE_CHANGE,New project assignment recorded in synthetic context
U0568,NO_KNOWN_CHANGE,No legitimate context recorded
U0302,NO_KNOWN_CHANGE,No legitimate context recorded
U0331,NO_KNOWN_CHANGE,No legitimate context recorded
U0909,NO_KNOWN_CHANGE,No legitimate context recorded
U0531,NO_KNOWN_CHANGE,No legitimate context recorded
U0246,NO_KNOWN_CHANGE,No legitimate context recorded
U0990,NO_KNOWN_CHANGE,No legitimate context recorded
U0795,NO_KNOWN_CHANGE,No legitimate context recorded
U0955,NO_KNOWN_CHANGE,No legitimate context recorded
U0544,NO_KNOWN_CHANGE,No legitimate context recorded
U0941,NO_KNOWN_CHANGE,No legitimate context recorded
U0818,NO_KNOWN_CHANGE,No legitimate context recorded
U0946,NO_KNOWN_CHANGE,No legitimate context recorded
U0392,NO_KNOWN_CHANGE,No legitimate context recorded
U0689,NO_KNOWN_CHANGE,No legitimate context recorded
U0365,NO_KNOWN_CHANGE,No legitimate context recorded
U0840,NO_KNOWN_CHANGE,No legitimate context recorded
U0174,NO_KNOWN_CHANGE,No legitimate context recorded
U0410,NO_KNOWN_CHANGE,No legitimate context recorded
U0141,NO_KNOWN_CHANGE,No legitimate context recorded
U0279,NO_KNOWN_CHANGE,No legitimate context recorded
U0206,NO_KNOWN_CHANGE,No legitimate context recorded
U0413,NO_KNOWN_CHANGE,No legitimate context recorded
U0177,NO_KNOWN_CHANGE,No legitimate context recorded
U0764,NO_KNOWN_CHANGE,No legitimate context recorded
U0205,NO_KNOWN_CHANGE,No legitimate context recorded
U0750,NO_KNOWN_CHANGE,No legitimate context recorded
U0210,NO_KNOWN_CHANGE,No legitimate context recorded
U0044,LEGITIMATE_CHANGE,New project assignment recorded in synthetic context
U0855,NO_KNOWN_CHANGE,No legitimate context recorded
U0780,NO_KNOWN_CHANGE,No legitimate context recorded
U0361,NO_KNOWN_CHANGE,No legitimate context recorded
U0569,NO_KNOWN_CHANGE,No legitimate context recorded
U0384,NO_KNOWN_CHANGE,No legitimate context recorded
U0669,NO_KNOWN_CHANGE,No legitimate context recorded
U0540,NO_KNOWN_CHANGE,No legitimate context recorded
U0171,NO_KNOWN_CHANGE,No legitimate context recorded
U0731,NO_KNOWN_CHANGE,No legitimate context recorded
U0303,NO_KNOWN_CHANGE,No legitimate context recorded
U0618,NO_KNOWN_CHANGE,No legitimate context recorded
U0738,NO_KNOWN_CHANGE,No legitimate context recorded
U0229,NO_KNOWN_CHANGE,No legitimate context recorded
U0187,NO_KNOWN_CHANGE,No legitimate context recorded
U0714,NO_KNOWN_CHANGE,No legitimate context recorded
U0852,NO_KNOWN_CHANGE,No legitimate context recorded
U0066,NO_KNOWN_CHANGE,No legitimate context recorded
U0915,NO_KNOWN_CHANGE,No legitimate context recorded
U0467,NO_KNOWN_CHANGE,No legitimate context recorded
U0754,NO_KNOWN_CHANGE,No legitimate context recorded
U0423,NO_KNOWN_CHANGE,No legitimate context recorded
U0517,NO_KNOWN_CHANGE,No legitimate context recorded
U0654,NO_KNOWN_CHANGE,No legitimate context recorded
U0383,NO_KNOWN_CHANGE,No legitimate context recorded
U0310,NO_KNOWN_CHANGE,No legitimate context recorded
U0244,NO_KNOWN_CHANGE,No legitimate context recorded
U0515,NO_KNOWN_CHANGE,No legitimate context recorded
U0040,LEGITIMATE_CHANGE,New project assignment recorded in synthetic context
U0179,NO_KNOWN_CHANGE,No legitimate context recorded
U0202,NO_KNOWN_CHANGE,No legitimate context recorded
U0919,NO_KNOWN_CHANGE,No legitimate context recorded
U0450,NO_KNOWN_CHANGE,No legitimate context recorded
U0887,NO_KNOWN_CHANGE,No legitimate context recorded
U0421,NO_KNOWN_CHANGE,No legitimate context recorded
U0147,NO_KNOWN_CHANGE,No legitimate context recorded
U0677,NO_KNOWN_CHANGE,No legitimate context recorded
U0249,NO_KNOWN_CHANGE,No legitimate context recorded
U0321,NO_KNOWN_CHANGE,No legitimate context recorded
U0318,NO_KNOWN_CHANGE,No legitimate context recorded
U0459,NO_KNOWN_CHANGE,No legitimate context recorded
U0599,NO_KNOWN_CHANGE,No legitimate context recorded
U0645,NO_KNOWN_CHANGE,No legitimate context recorded
U0959,NO_KNOWN_CHANGE,No legitimate context recorded
U0663,NO_KNOWN_CHANGE,No legitimate context recorded
U0521,NO_KNOWN_CHANGE,No legitimate context recorded
U0881,NO_KNOWN_CHANGE,No legitimate context recorded
U0029,LEGITIMATE_CHANGE,New project assignment recorded in synthetic context
U0127,NO_KNOWN_CHANGE,No legitimate context recorded
U0261,NO_KNOWN_CHANGE,No legitimate context recorded
U0697,NO_KNOWN_CHANGE,No legitimate context recorded
U0431,NO_KNOWN_CHANGE,No legitimate context recorded
U0264,NO_KNOWN_CHANGE,No legitimate context recorded
U0857,NO_KNOWN_CHANGE,No legitimate context recorded
U0427,NO_KNOWN_CHANGE,No legitimate context recorded
U0916,NO_KNOWN_CHANGE,No legitimate context recorded
U0096,NO_KNOWN_CHANGE,No legitimate context recorded
U0566,NO_KNOWN_CHANGE,No legitimate context recorded
U0511,NO_KNOWN_CHANGE,No legitimate context recorded
U0717,NO_KNOWN_CHANGE,No legitimate context recorded
U0989,NO_KNOWN_CHANGE,No legitimate context recorded
U0015,LEGITIMATE_CHANGE,New project assignment recorded in synthetic context
U0110,NO_KNOWN_CHANGE,No legitimate context recorded
U0463,NO_KNOWN_CHANGE,No legitimate context recorded
U0698,NO_KNOWN_CHANGE,No legitimate context recorded
U0369,NO_KNOWN_CHANGE,No legitimate context recorded
U0882,NO_KNOWN_CHANGE,No legitimate context recorded
U0565,NO_KNOWN_CHANGE,No legitimate context recorded
U0560,NO_KNOWN_CHANGE,No legitimate context recorded
U0680,NO_KNOWN_CHANGE,No legitimate context recorded
U0076,NO_KNOWN_CHANGE,No legitimate context recorded
U0355,NO_KNOWN_CHANGE,No legitimate context recorded
U0481,NO_KNOWN_CHANGE,No legitimate context recorded
U0575,NO_KNOWN_CHANGE,No legitimate context recorded
U0019,LEGITIMATE_CHANGE,New project assignment recorded in synthetic context
U0664,NO_KNOWN_CHANGE,No legitimate context recorded
U0053,NO_KNOWN_CHANGE,No legitimate context recorded
U0397,NO_KNOWN_CHANGE,No legitimate context recorded
U0280,NO_KNOWN_CHANGE,No legitimate context recorded
U0559,NO_KNOWN_CHANGE,No legitimate context recorded
U0843,NO_KNOWN_CHANGE,No legitimate context recorded
U0821,NO_KNOWN_CHANGE,No legitimate context recorded
U0285,NO_KNOWN_CHANGE,No legitimate context recorded
U0396,NO_KNOWN_CHANGE,No legitimate context recorded
U0870,NO_KNOWN_CHANGE,No legitimate context recorded
U0936,NO_KNOWN_CHANGE,No legitimate context recorded
U0325,NO_KNOWN_CHANGE,No legitimate context recorded
U0166,NO_KNOWN_CHANGE,No legitimate context recorded
U0394,NO_KNOWN_CHANGE,No legitimate context recorded
U0865,NO_KNOWN_CHANGE,No legitimate context recorded
U0440,NO_KNOWN_CHANGE,No legitimate context recorded
U0671,NO_KNOWN_CHANGE,No legitimate context recorded
U0744,NO_KNOWN_CHANGE,No legitimate context recorded
U0068,NO_KNOWN_CHANGE,No legitimate context recorded
U0214,NO_KNOWN_CHANGE,No legitimate context recorded
U0797,NO_KNOWN_CHANGE,No legitimate context recorded
U0300,NO_KNOWN_CHANGE,No legitimate context recorded
U0922,NO_KNOWN_CHANGE,No legitimate context recorded
U0845,NO_KNOWN_CHANGE,No legitimate context recorded
U0367,NO_KNOWN_CHANGE,No legitimate context recorded
U0425,NO_KNOWN_CHANGE,No legitimate context recorded
U0186,NO_KNOWN_CHANGE,No legitimate context recorded
U0165,NO_KNOWN_CHANGE,No legitimate context recorded
U0960,NO_KNOWN_CHANGE,No legitimate context recorded
U0586,NO_KNOWN_CHANGE,No legitimate context recorded
U0822,NO_KNOWN_CHANGE,No legitimate context recorded
U0012,LEGITIMATE_CHANGE,New project assignment recorded in synthetic context
U0491,NO_KNOWN_CHANGE,No legitimate context recorded
U0718,NO_KNOWN_CHANGE,No legitimate context recorded
U0494,NO_KNOWN_CHANGE,No legitimate context recorded
U0828,NO_KNOWN_CHANGE,No legitimate context recorded
U0422,NO_KNOWN_CHANGE,No legitimate context recorded
U0765,NO_KNOWN_CHANGE,No legitimate context recorded
U0368,NO_KNOWN_CHANGE,No legitimate context recorded
U0438,NO_KNOWN_CHANGE,No legitimate context recorded
U0580,NO_KNOWN_CHANGE,No legitimate context recorded
U0661,NO_KNOWN_CHANGE,No legitimate context recorded
U0642,NO_KNOWN_CHANGE,No legitimate context recorded
U0984,NO_KNOWN_CHANGE,No legitimate context recorded
U0672,NO_KNOWN_CHANGE,No legitimate context recorded
U0013,LEGITIMATE_CHANGE,New project assignment recorded in synthetic context
U0022,LEGITIMATE_CHANGE,New project assignment recorded in synthetic context
U0114,NO_KNOWN_CHANGE,No legitimate context recorded
U0552,NO_KNOWN_CHANGE,No legitimate context recorded
U0282,NO_KNOWN_CHANGE,No legitimate context recorded
U0711,NO_KNOWN_CHANGE,No legitimate context recorded
U0215,NO_KNOWN_CHANGE,No legitimate context recorded
U0737,NO_KNOWN_CHANGE,No legitimate context recorded
U0137,NO_KNOWN_CHANGE,No legitimate context recorded
U0032,LEGITIMATE_CHANGE,New project assignment recorded in synthetic context
U0312,NO_KNOWN_CHANGE,No legitimate context recorded
U0576,NO_KNOWN_CHANGE,No legitimate context recorded
U0270,NO_KNOWN_CHANGE,No legitimate context recorded
U0811,NO_KNOWN_CHANGE,No legitimate context recorded
U0874,NO_KNOWN_CHANGE,No legitimate context recorded
U0736,NO_KNOWN_CHANGE,No legitimate context recorded
U0263,NO_KNOWN_CHANGE,No legitimate context recorded
U0532,NO_KNOWN_CHANGE,No legitimate context recorded
U0036,LEGITIMATE_CHANGE,New project assignment recorded in synthetic context
U0558,NO_KNOWN_CHANGE,No legitimate context recorded
U0653,NO_KNOWN_CHANGE,No legitimate context recorded
U0433,NO_KNOWN_CHANGE,No legitimate context recorded
U0701,NO_KNOWN_CHANGE,No legitimate context recorded
U0449,NO_KNOWN_CHANGE,No legitimate context recorded
U0377,NO_KNOWN_CHANGE,No legitimate context recorded
U0128,NO_KNOWN_CHANGE,No legitimate context recorded
U0437,NO_KNOWN_CHANGE,No legitimate context recorded
U0793,NO_KNOWN_CHANGE,No legitimate context recorded
U0673,NO_KNOWN_CHANGE,No legitimate context recorded
U0357,NO_KNOWN_CHANGE,No legitimate context recorded
U0994,NO_KNOWN_CHANGE,No legitimate context recorded
U0938,NO_KNOWN_CHANGE,No legitimate context recorded
U0844,NO_KNOWN_CHANGE,No legitimate context recorded
U0308,NO_KNOWN_CHANGE,No legitimate context recorded
U0668,NO_KNOWN_CHANGE,No legitimate context recorded
U0482,NO_KNOWN_CHANGE,No legitimate context recorded
U0465,NO_KNOWN_CHANGE,No legitimate context recorded
U0752,NO_KNOWN_CHANGE,No legitimate context recorded
U0333,NO_KNOWN_CHANGE,No legitimate context recorded
U0406,NO_KNOWN_CHANGE,No legitimate context recorded
U0769,NO_KNOWN_CHANGE,No legitimate context recorded
U0670,NO_KNOWN_CHANGE,No legitimate context recorded
U0926,NO_KNOWN_CHANGE,No legitimate context recorded
U0233,NO_KNOWN_CHANGE,No legitimate context recorded
U0712,NO_KNOWN_CHANGE,No legitimate context recorded
U0182,NO_KNOWN_CHANGE,No legitimate context recorded
U0859,NO_KNOWN_CHANGE,No legitimate context recorded
U0003,LEGITIMATE_CHANGE,New project assignment recorded in synthetic context
U0512,NO_KNOWN_CHANGE,No legitimate context recorded
U0287,NO_KNOWN_CHANGE,No legitimate context recorded
U0134,NO_KNOWN_CHANGE,No legitimate context recorded
U0016,LEGITIMATE_CHANGE,New project assignment recorded in synthetic context
U0445,NO_KNOWN_CHANGE,No legitimate context recorded
U0080,NO_KNOWN_CHANGE,No legitimate context recorded
U0980,NO_KNOWN_CHANGE,No legitimate context recorded
U0278,NO_KNOWN_CHANGE,No legitimate context recorded
U0023,LEGITIMATE_CHANGE,New project assignment recorded in synthetic context
U0178,NO_KNOWN_CHANGE,No legitimate context recorded
U0130,NO_KNOWN_CHANGE,No legitimate context recorded
U0905,NO_KNOWN_CHANGE,No legitimate context recorded
U0619,NO_KNOWN_CHANGE,No legitimate context recorded
U0735,NO_KNOWN_CHANGE,No legitimate context recorded
U0907,NO_KNOWN_CHANGE,No legitimate context recorded
U0258,NO_KNOWN_CHANGE,No legitimate context recorded
U0218,NO_KNOWN_CHANGE,No legitimate context recorded
U0691,NO_KNOWN_CHANGE,No legitimate context recorded
U0335,NO_KNOWN_CHANGE,No legitimate context recorded
U0037,LEGITIMATE_CHANGE,New project assignment recorded in synthetic context
U0064,NO_KNOWN_CHANGE,No legitimate context recorded
U0871,NO_KNOWN_CHANGE,No legitimate context recorded
U0430,NO_KNOWN_CHANGE,No legitimate context recorded
U0732,NO_KNOWN_CHANGE,No legitimate context recorded
U0289,NO_KNOWN_CHANGE,No legitimate context recorded
U0152,NO_KNOWN_CHANGE,No legitimate context recorded
U0167,NO_KNOWN_CHANGE,No legitimate context recorded
U0649,NO_KNOWN_CHANGE,No legitimate context recorded
U0931,NO_KNOWN_CHANGE,No legitimate context recorded
U0451,NO_KNOWN_CHANGE,No legitimate context recorded
U0638,NO_KNOWN_CHANGE,No legitimate context recorded
U0329,NO_KNOWN_CHANGE,No legitimate context recorded
U0315,NO_KNOWN_CHANGE,No legitimate context recorded
U0506,NO_KNOWN_CHANGE,No legitimate context recorded
U0217,NO_KNOWN_CHANGE,No legitimate context recorded
U0098,NO_KNOWN_CHANGE,No legitimate context recorded
U0949,NO_KNOWN_CHANGE,No legitimate context recorded
U0788,NO_KNOWN_CHANGE,No legitimate context recorded
U0479,NO_KNOWN_CHANGE,No legitimate context recorded
U0475,NO_KNOWN_CHANGE,No legitimate context recorded
U0635,NO_KNOWN_CHANGE,No legitimate context recorded
U0804,NO_KNOWN_CHANGE,No legitimate context recorded
U0716,NO_KNOWN_CHANGE,No legitimate context recorded
U0323,NO_KNOWN_CHANGE,No legitimate context recorded
U0976,NO_KNOWN_CHANGE,No legitimate context recorded
U0932,NO_KNOWN_CHANGE,No legitimate context recorded
U0525,NO_KNOWN_CHANGE,No legitimate context recorded
U0169,NO_KNOWN_CHANGE,No legitimate context recorded
U0817,NO_KNOWN_CHANGE,No legitimate context recorded
U0966,NO_KNOWN_CHANGE,No legitimate context recorded
U0630,NO_KNOWN_CHANGE,No legitimate context recorded
U0643,NO_KNOWN_CHANGE,No legitimate context recorded
U0591,NO_KNOWN_CHANGE,No legitimate context recorded
U0168,NO_KNOWN_CHANGE,No legitimate context recorded
U0896,NO_KNOWN_CHANGE,No legitimate context recorded
U0553,NO_KNOWN_CHANGE,No legitimate context recorded
U0927,NO_KNOWN_CHANGE,No legitimate context recorded
U0573,NO_KNOWN_CHANGE,No legitimate context recorded
U0250,NO_KNOWN_CHANGE,No legitimate context recorded
U0224,NO_KNOWN_CHANGE,No legitimate context recorded
U0190,NO_KNOWN_CHANGE,No legitimate context recorded
U0545,NO_KNOWN_CHANGE,No legitimate context recorded
U0679,NO_KNOWN_CHANGE,No legitimate context recorded
U0083,NO_KNOWN_CHANGE,No legitimate context recorded
U0676,NO_KNOWN_CHANGE,No legitimate context recorded
U0613,NO_KNOWN_CHANGE,No legitimate context recorded
U0360,NO_KNOWN_CHANGE,No legitimate context recorded
U0991,NO_KNOWN_CHANGE,No legitimate context recorded
U0216,NO_KNOWN_CHANGE,No legitimate context recorded
U0556,NO_KNOWN_CHANGE,No legitimate context recorded
U0184,NO_KNOWN_CHANGE,No legitimate context recorded
U0636,NO_KNOWN_CHANGE,No legitimate context recorded
U0275,NO_KNOWN_CHANGE,No legitimate context recorded
U0139,NO_KNOWN_CHANGE,No legitimate context recorded
U0538,NO_KNOWN_CHANGE,No legitimate context recorded
U0070,NO_KNOWN_CHANGE,No legitimate context recorded
U0118,NO_KNOWN_CHANGE,No legitimate context recorded
U0721,NO_KNOWN_CHANGE,No legitimate context recorded
U0682,NO_KNOWN_CHANGE,No legitimate context recorded
U0856,NO_KNOWN_CHANGE,No legitimate context recorded
U0554,NO_KNOWN_CHANGE,No legitimate context recorded
U0473,NO_KNOWN_CHANGE,No legitimate context recorded
U0253,NO_KNOWN_CHANGE,No legitimate context recorded
U0707,NO_KNOWN_CHANGE,No legitimate context recorded
U0432,NO_KNOWN_CHANGE,No legitimate context recorded
U0914,NO_KNOWN_CHANGE,No legitimate context recorded
U0766,NO_KNOWN_CHANGE,No legitimate context recorded
U0429,NO_KNOWN_CHANGE,No legitimate context recorded
U0097,NO_KNOWN_CHANGE,No legitimate context recorded
U0173,NO_KNOWN_CHANGE,No legitimate context recorded
U0564,NO_KNOWN_CHANGE,No legitimate context recorded
U0464,NO_KNOWN_CHANGE,No legitimate context recorded
U0240,NO_KNOWN_CHANGE,No legitimate context recorded
U0876,NO_KNOWN_CHANGE,No legitimate context recorded
U0457,NO_KNOWN_CHANGE,No legitimate context recorded
U0504,NO_KNOWN_CHANGE,No legitimate context recorded
U0723,NO_KNOWN_CHANGE,No legitimate context recorded
U0530,NO_KNOWN_CHANGE,No legitimate context recorded
U0709,NO_KNOWN_CHANGE,No legitimate context recorded
U0248,NO_KNOWN_CHANGE,No legitimate context recorded
U0407,NO_KNOWN_CHANGE,No legitimate context recorded
U0968,NO_KNOWN_CHANGE,No legitimate context recorded
U0596,NO_KNOWN_CHANGE,No legitimate context recorded
U0516,NO_KNOWN_CHANGE,No legitimate context recorded
U0774,NO_KNOWN_CHANGE,No legitimate context recorded
U0133,NO_KNOWN_CHANGE,No legitimate context recorded
U0460,NO_KNOWN_CHANGE,No legitimate context recorded
U0403,NO_KNOWN_CHANGE,No legitimate context recorded
U0381,NO_KNOWN_CHANGE,No legitimate context recorded
U0454,NO_KNOWN_CHANGE,No legitimate context recorded
U0305,NO_KNOWN_CHANGE,No legitimate context recorded
U0622,NO_KNOWN_CHANGE,No legitimate context recorded
U0008,LEGITIMATE_CHANGE,New project assignment recorded in synthetic context
U0306,NO_KNOWN_CHANGE,No legitimate context recorded
U0557,NO_KNOWN_CHANGE,No legitimate context recorded
U0492,NO_KNOWN_CHANGE,No legitimate context recorded
U0815,NO_KNOWN_CHANGE,No legitimate context recorded
U0486,NO_KNOWN_CHANGE,No legitimate context recorded
U0207,NO_KNOWN_CHANGE,No legitimate context recorded
U0674,NO_KNOWN_CHANGE,No legitimate context recorded
U0296,NO_KNOWN_CHANGE,No legitimate context recorded
U0112,NO_KNOWN_CHANGE,No legitimate context recorded
U0898,NO_KNOWN_CHANGE,No legitimate context recorded
U0063,NO_KNOWN_CHANGE,No legitimate context recorded
U0692,NO_KNOWN_CHANGE,No legitimate context recorded
U0185,NO_KNOWN_CHANGE,No legitimate context recorded
U0861,NO_KNOWN_CHANGE,No legitimate context recorded
U0304,NO_KNOWN_CHANGE,No legitimate context recorded
U0101,NO_KNOWN_CHANGE,No legitimate context recorded
U0193,NO_KNOWN_CHANGE,No legitimate context recorded
U0162,NO_KNOWN_CHANGE,No legitimate context recorded
U0181,NO_KNOWN_CHANGE,No legitimate context recorded
U0594,NO_KNOWN_CHANGE,No legitimate context recorded
U0471,NO_KNOWN_CHANGE,No legitimate context recorded
U0862,NO_KNOWN_CHANGE,No legitimate context recorded
U0238,NO_KNOWN_CHANGE,No legitimate context recorded
U0639,NO_KNOWN_CHANGE,No legitimate context recorded
U0533,NO_KNOWN_CHANGE,No legitimate context recorded
U0428,NO_KNOWN_CHANGE,No legitimate context recorded
U0964,NO_KNOWN_CHANGE,No legitimate context recorded
U0929,NO_KNOWN_CHANGE,No legitimate context recorded
U0199,NO_KNOWN_CHANGE,No legitimate context recorded
U0387,NO_KNOWN_CHANGE,No legitimate context recorded
U0379,NO_KNOWN_CHANGE,No legitimate context recorded
U0726,NO_KNOWN_CHANGE,No legitimate context recorded
U0140,NO_KNOWN_CHANGE,No legitimate context recorded
U0020,LEGITIMATE_CHANGE,New project assignment recorded in synthetic context
U0983,NO_KNOWN_CHANGE,No legitimate context recorded
U0935,NO_KNOWN_CHANGE,No legitimate context recorded
U0651,NO_KNOWN_CHANGE,No legitimate context recorded
U0648,NO_KNOWN_CHANGE,No legitimate context recorded
U0470,NO_KNOWN_CHANGE,No legitimate context recorded
U0347,NO_KNOWN_CHANGE,No legitimate context recorded
U0434,NO_KNOWN_CHANGE,No legitimate context recorded
U0606,NO_KNOWN_CHANGE,No legitimate context recorded
U0625,NO_KNOWN_CHANGE,No legitimate context recorded
U0447,NO_KNOWN_CHANGE,No legitimate context recorded
U0782,NO_KNOWN_CHANGE,No legitimate context recorded
U0609,NO_KNOWN_CHANGE,No legitimate context recorded
U0805,NO_KNOWN_CHANGE,No legitimate context recorded
U0908,NO_KNOWN_CHANGE,No legitimate context recorded
U0245,NO_KNOWN_CHANGE,No legitimate context recorded
U0409,NO_KNOWN_CHANGE,No legitimate context recorded
U0790,NO_KNOWN_CHANGE,No legitimate context recorded
U0940,NO_KNOWN_CHANGE,No legitimate context recorded
U0999,NO_KNOWN_CHANGE,No legitimate context recorded
U0655,NO_KNOWN_CHANGE,No legitimate context recorded
U0281,NO_KNOWN_CHANGE,No legitimate context recorded
U0912,NO_KNOWN_CHANGE,No legitimate context recorded
U0010,LEGITIMATE_CHANGE,New project assignment recorded in synthetic context
U0743,NO_KNOWN_CHANGE,No legitimate context recorded
U0746,NO_KNOWN_CHANGE,No legitimate context recorded
U0800,NO_KNOWN_CHANGE,No legitimate context recorded
U0745,NO_KNOWN_CHANGE,No legitimate context recorded
U0627,NO_KNOWN_CHANGE,No legitimate context recorded
U0243,NO_KNOWN_CHANGE,No legitimate context recorded
U0197,NO_KNOWN_CHANGE,No legitimate context recorded
U0514,NO_KNOWN_CHANGE,No legitimate context recorded
U0963,NO_KNOWN_CHANGE,No legitimate context recorded
U0274,NO_KNOWN_CHANGE,No legitimate context recorded
U0343,NO_KNOWN_CHANGE,No legitimate context recorded
U0847,NO_KNOWN_CHANGE,No legitimate context recorded
U0316,NO_KNOWN_CHANGE,No legitimate context recorded
U0998,NO_KNOWN_CHANGE,No legitimate context recorded
U0812,NO_KNOWN_CHANGE,No legitimate context recorded
U0768,NO_KNOWN_CHANGE,No legitimate context recorded
U0074,NO_KNOWN_CHANGE,No legitimate context recorded
U0918,NO_KNOWN_CHANGE,No legitimate context recorded
U0043,LEGITIMATE_CHANGE,New project assignment recorded in synthetic context
U0461,NO_KNOWN_CHANGE,No legitimate context recorded
U0372,NO_KNOWN_CHANGE,No legitimate context recorded
U0934,NO_KNOWN_CHANGE,No legitimate context recorded
U0293,NO_KNOWN_CHANGE,No legitimate context recorded
U0311,NO_KNOWN_CHANGE,No legitimate context recorded
U0781,NO_KNOWN_CHANGE,No legitimate context recorded
U0062,NO_KNOWN_CHANGE,No legitimate context recorded
U0820,NO_KNOWN_CHANGE,No legitimate context recorded
U0684,NO_KNOWN_CHANGE,No legitimate context recorded
U0853,NO_KNOWN_CHANGE,No legitimate context recorded
U0499,NO_KNOWN_CHANGE,No legitimate context recorded
U0056,NO_KNOWN_CHANGE,No legitimate context recorded
U0039,LEGITIMATE_CHANGE,New project assignment recorded in synthetic context
U0561,NO_KNOWN_CHANGE,No legitimate context recorded
U0079,NO_KNOWN_CHANGE,No legitimate context recorded
U0011,LEGITIMATE_CHANGE,New project assignment recorded in synthetic context
U0370,NO_KNOWN_CHANGE,No legitimate context recorded
U0507,NO_KNOWN_CHANGE,No legitimate context recorded
U0624,NO_KNOWN_CHANGE,No legitimate context recorded
U0520,NO_KNOWN_CHANGE,No legitimate context recorded
U0640,NO_KNOWN_CHANGE,No legitimate context recorded
U0792,NO_KNOWN_CHANGE,No legitimate context recorded
U0487,NO_KNOWN_CHANGE,No legitimate context recorded
U0695,NO_KNOWN_CHANGE,No legitimate context recorded
U0286,NO_KNOWN_CHANGE,No legitimate context recorded
U0978,NO_KNOWN_CHANGE,No legitimate context recorded
U0690,NO_KNOWN_CHANGE,No legitimate context recorded
U0480,NO_KNOWN_CHANGE,No legitimate context recorded
U0705,NO_KNOWN_CHANGE,No legitimate context recorded
U0446,NO_KNOWN_CHANGE,No legitimate context recorded
U0371,NO_KNOWN_CHANGE,No legitimate context recorded
U0077,NO_KNOWN_CHANGE,No legitimate context recorded
U0584,NO_KNOWN_CHANGE,No legitimate context recorded
U0762,NO_KNOWN_CHANGE,No legitimate context recorded
U0814,NO_KNOWN_CHANGE,No legitimate context recorded
U0496,NO_KNOWN_CHANGE,No legitimate context recorded
U0401,NO_KNOWN_CHANGE,No legitimate context recorded
U0388,NO_KNOWN_CHANGE,No legitimate context recorded
U0528,NO_KNOWN_CHANGE,No legitimate context recorded
U0626,NO_KNOWN_CHANGE,No legitimate context recorded
U0225,NO_KNOWN_CHANGE,No legitimate context recorded
U0324,NO_KNOWN_CHANGE,No legitimate context recorded
U0730,NO_KNOWN_CHANGE,No legitimate context recorded
U0266,NO_KNOWN_CHANGE,No legitimate context recorded
U0693,NO_KNOWN_CHANGE,No legitimate context recorded
U0724,NO_KNOWN_CHANGE,No legitimate context recorded
U0107,NO_KNOWN_CHANGE,No legitimate context recorded
U0028,LEGITIMATE_CHANGE,New project assignment recorded in synthetic context
U0603,NO_KNOWN_CHANGE,No legitimate context recorded
U0508,NO_KNOWN_CHANGE,No legitimate context recorded
U0623,NO_KNOWN_CHANGE,No legitimate context recorded
U0192,NO_KNOWN_CHANGE,No legitimate context recorded
U0398,NO_KNOWN_CHANGE,No legitimate context recorded
U0071,NO_KNOWN_CHANGE,No legitimate context recorded
U0567,NO_KNOWN_CHANGE,No legitimate context recorded
U0026,LEGITIMATE_CHANGE,New project assignment recorded in synthetic context
U0241,NO_KNOWN_CHANGE,No legitimate context recorded
U0366,NO_KNOWN_CHANGE,No legitimate context recorded
U0536,NO_KNOWN_CHANGE,No legitimate context recorded
U0073,NO_KNOWN_CHANGE,No legitimate context recorded
U0376,NO_KNOWN_CHANGE,No legitimate context recorded
U0809,NO_KNOWN_CHANGE,No legitimate context recorded
U0416,NO_KNOWN_CHANGE,No legitimate context recorded
U0375,NO_KNOWN_CHANGE,No legitimate context recorded
U0326,NO_KNOWN_CHANGE,No legitimate context recorded
U0607,NO_KNOWN_CHANGE,No legitimate context recorded
U0050,LEGITIMATE_CHANGE,New project assignment recorded in synthetic context
U0602,NO_KNOWN_CHANGE,No legitimate context recorded
U0783,NO_KNOWN_CHANGE,No legitimate context recorded
U0794,NO_KNOWN_CHANGE,No legitimate context recorded
U0571,NO_KNOWN_CHANGE,No legitimate context recorded
U0060,NO_KNOWN_CHANGE,No legitimate context recorded
U0749,NO_KNOWN_CHANGE,No legitimate context recorded
U0122,NO_KNOWN_CHANGE,No legitimate context recorded
U0390,NO_KNOWN_CHANGE,No legitimate context recorded
U0468,NO_KNOWN_CHANGE,No legitimate context recorded
U0222,NO_KNOWN_CHANGE,No legitimate context recorded
U0696,NO_KNOWN_CHANGE,No legitimate context recorded
U0259,NO_KNOWN_CHANGE,No legitimate context recorded
U0945,NO_KNOWN_CHANGE,No legitimate context recorded
U0082,NO_KNOWN_CHANGE,No legitimate context recorded
U0084,NO_KNOWN_CHANGE,No legitimate context recorded
U0761,NO_KNOWN_CHANGE,No legitimate context recorded
U0448,NO_KNOWN_CHANGE,No legitimate context recorded
U0055,NO_KNOWN_CHANGE,No legitimate context recorded
U0742,NO_KNOWN_CHANGE,No legitimate context recorded
U0860,NO_KNOWN_CHANGE,No legitimate context recorded
U0982,NO_KNOWN_CHANGE,No legitimate context recorded
U0307,NO_KNOWN_CHANGE,No legitimate context recorded
U0309,NO_KNOWN_CHANGE,No legitimate context recorded
U0049,LEGITIMATE_CHANGE,New project assignment recorded in synthetic context
U0211,NO_KNOWN_CHANGE,No legitimate context recorded
U0824,NO_KNOWN_CHANGE,No legitimate context recorded
U0119,NO_KNOWN_CHANGE,No legitimate context recorded
U0549,NO_KNOWN_CHANGE,No legitimate context recorded
U0151,NO_KNOWN_CHANGE,No legitimate context recorded
U0920,NO_KNOWN_CHANGE,No legitimate context recorded
U0004,LEGITIMATE_CHANGE,New project assignment recorded in synthetic context
U0085,NO_KNOWN_CHANGE,No legitimate context recorded
U0458,NO_KNOWN_CHANGE,No legitimate context recorded
U0485,NO_KNOWN_CHANGE,No legitimate context recorded
U0585,NO_KNOWN_CHANGE,No legitimate context recorded
U0505,NO_KNOWN_CHANGE,No legitimate context recorded
U0213,NO_KNOWN_CHANGE,No legitimate context recorded
U0527,NO_KNOWN_CHANGE,No legitimate context recorded
U0065,NO_KNOWN_CHANGE,No legitimate context recorded
U0319,NO_KNOWN_CHANGE,No legitimate context recorded
U0373,NO_KNOWN_CHANGE,No legitimate context recorded
U0823,NO_KNOWN_CHANGE,No legitimate context recorded
U0950,NO_KNOWN_CHANGE,No legitimate context recorded
U0362,NO_KNOWN_CHANGE,No legitimate context recorded
U0974,NO_KNOWN_CHANGE,No legitimate context recorded
U0652,NO_KNOWN_CHANGE,No legitimate context recorded
U0442,NO_KNOWN_CHANGE,No legitimate context recorded
U0628,NO_KNOWN_CHANGE,No legitimate context recorded
U0160,NO_KNOWN_CHANGE,No legitimate context recorded
U0727,NO_KNOWN_CHANGE,No legitimate context recorded
U0031,LEGITIMATE_CHANGE,New project assignment recorded in synthetic context
U0042,LEGITIMATE_CHANGE,New project assignment recorded in synthetic context
U0600,NO_KNOWN_CHANGE,No legitimate context recorded
U0944,NO_KNOWN_CHANGE,No legitimate context recorded
U0548,NO_KNOWN_CHANGE,No legitimate context recorded
U0961,NO_KNOWN_CHANGE,No legitimate context recorded
U0288,NO_KNOWN_CHANGE,No legitimate context recorded
U0785,NO_KNOWN_CHANGE,No legitimate context recorded
U0294,NO_KNOWN_CHANGE,No legitimate context recorded
U0755,NO_KNOWN_CHANGE,No legitimate context recorded
U0385,NO_KNOWN_CHANGE,No legitimate context recorded
U0779,NO_KNOWN_CHANGE,No legitimate context recorded
U0740,NO_KNOWN_CHANGE,No legitimate context recorded
U0547,NO_KNOWN_CHANGE,No legitimate context recorded
U0498,NO_KNOWN_CHANGE,No legitimate context recorded
U0595,NO_KNOWN_CHANGE,No legitimate context recorded
U0024,LEGITIMATE_CHANGE,New project assignment recorded in synthetic context
U0209,NO_KNOWN_CHANGE,No legitimate context recorded
U0198,NO_KNOWN_CHANGE,No legitimate context recorded
U0581,NO_KNOWN_CHANGE,No legitimate context recorded
U0299,NO_KNOWN_CHANGE,No legitimate context recorded
U0034,LEGITIMATE_CHANGE,New project assignment recorded in synthetic context
U0322,NO_KNOWN_CHANGE,No legitimate context recorded
U0868,NO_KNOWN_CHANGE,No legitimate context recorded
U0739,NO_KNOWN_CHANGE,No legitimate context recorded
U0947,NO_KNOWN_CHANGE,No legitimate context recorded
U0419,NO_KNOWN_CHANGE,No legitimate context recorded
U0142,NO_KNOWN_CHANGE,No legitimate context recorded
U0906,NO_KNOWN_CHANGE,No legitimate context recorded
U0081,NO_KNOWN_CHANGE,No legitimate context recorded
U0864,NO_KNOWN_CHANGE,No legitimate context recorded
U0359,NO_KNOWN_CHANGE,No legitimate context recorded
U0722,NO_KNOWN_CHANGE,No legitimate context recorded
U0867,NO_KNOWN_CHANGE,No legitimate context recorded
U0408,NO_KNOWN_CHANGE,No legitimate context recorded
U0895,NO_KNOWN_CHANGE,No legitimate context recorded
U0563,NO_KNOWN_CHANGE,No legitimate context recorded
U0839,NO_KNOWN_CHANGE,No legitimate context recorded
U0345,NO_KNOWN_CHANGE,No legitimate context recorded
U0352,NO_KNOWN_CHANGE,No legitimate context recorded
U0334,NO_KNOWN_CHANGE,No legitimate context recorded
U0237,NO_KNOWN_CHANGE,No legitimate context recorded
U0469,NO_KNOWN_CHANGE,No legitimate context recorded
U0284,NO_KNOWN_CHANGE,No legitimate context recorded
U0155,NO_KNOWN_CHANGE,No legitimate context recorded
U0759,NO_KNOWN_CHANGE,No legitimate context recorded
U0402,NO_KNOWN_CHANGE,No legitimate context recorded
U0637,NO_KNOWN_CHANGE,No legitimate context recorded
U0417,NO_KNOWN_CHANGE,No legitimate context recorded
U0841,NO_KNOWN_CHANGE,No legitimate context recorded
U0694,NO_KNOWN_CHANGE,No legitimate context recorded
U0332,NO_KNOWN_CHANGE,No legitimate context recorded
U0106,NO_KNOWN_CHANGE,No legitimate context recorded
U0027,LEGITIMATE_CHANGE,New project assignment recorded in synthetic context
U0159,NO_KNOWN_CHANGE,No legitimate context recorded
U0336,NO_KNOWN_CHANGE,No legitimate context recorded
U0751,NO_KNOWN_CHANGE,No legitimate context recorded
U0771,NO_KNOWN_CHANGE,No legitimate context recorded
U0087,NO_KNOWN_CHANGE,No legitimate context recorded
U0884,NO_KNOWN_CHANGE,No legitimate context recorded
U0659,NO_KNOWN_CHANGE,No legitimate context recorded
U0093,NO_KNOWN_CHANGE,No legitimate context recorded
U0660,NO_KNOWN_CHANGE,No legitimate context recorded
U0495,NO_KNOWN_CHANGE,No legitimate context recorded
U0344,NO_KNOWN_CHANGE,No legitimate context recorded
U0175,NO_KNOWN_CHANGE,No legitimate context recorded
U0424,NO_KNOWN_CHANGE,No legitimate context recorded
U0733,NO_KNOWN_CHANGE,No legitimate context recorded
U0313,NO_KNOWN_CHANGE,No legitimate context recorded
U0256,NO_KNOWN_CHANGE,No legitimate context recorded
U0350,NO_KNOWN_CHANGE,No legitimate context recorded
U0348,NO_KNOWN_CHANGE,No legitimate context recorded
U0033,LEGITIMATE_CHANGE,New project assignment recorded in synthetic context
U0327,NO_KNOWN_CHANGE,No legitimate context recorded
U0251,NO_KNOWN_CHANGE,No legitimate context recorded
U0878,NO_KNOWN_CHANGE,No legitimate context recorded
U0658,NO_KNOWN_CHANGE,No legitimate context recorded
U0126,NO_KNOWN_CHANGE,No legitimate context recorded
U0967,NO_KNOWN_CHANGE,No legitimate context recorded
U0501,NO_KNOWN_CHANGE,No legitimate context recorded
U0116,NO_KNOWN_CHANGE,No legitimate context recorded
U0317,NO_KNOWN_CHANGE,No legitimate context recorded
U0078,NO_KNOWN_CHANGE,No legitimate context recorded
U0969,NO_KNOWN_CHANGE,No legitimate context recorded
U0405,NO_KNOWN_CHANGE,No legitimate context recorded
U0257,NO_KNOWN_CHANGE,No legitimate context recorded
U0102,NO_KNOWN_CHANGE,No legitimate context recorded
U0341,NO_KNOWN_CHANGE,No legitimate context recorded
U0150,NO_KNOWN_CHANGE,No legitimate context recorded
U0842,NO_KNOWN_CHANGE,No legitimate context recorded
U0924,NO_KNOWN_CHANGE,No legitimate context recorded
U0234,NO_KNOWN_CHANGE,No legitimate context recorded
U0235,NO_KNOWN_CHANGE,No legitimate context recorded
U0888,NO_KNOWN_CHANGE,No legitimate context recorded
U0411,NO_KNOWN_CHANGE,No legitimate context recorded
U0808,NO_KNOWN_CHANGE,No legitimate context recorded
U0894,NO_KNOWN_CHANGE,No legitimate context recorded
U0799,NO_KNOWN_CHANGE,No legitimate context recorded
U0958,NO_KNOWN_CHANGE,No legitimate context recorded
U0393,NO_KNOWN_CHANGE,No legitimate context recorded
