user_id,baseline_average,early_behavior,late_behavior,shift_ratio,trend_slope,shift_status
U0001,5.533333333333333,14.0,11.2,2.0240963855421685,-0.042598967297762476,LOW SHIFT
U0002,4.733333333333333,14.6,13.2,2.788732394366197,0.014336016096579645,MEDIUM SHIFT
U0003,4.4,13.0,14.8,3.3636363636363633,0.05194805194805199,HIGH SHIFT
U0004,5.466666666666667,16.2,14.4,2.6341463414634148,-0.016986062717769868,LOW SHIFT
U0005,5.266666666666667,16.4,19.6,3.7215189873417724,0.031193490054249366,HIGH SHIFT
U0006,5.066666666666666,11.6,17.4,3.4342105263157894,0.14097744360902262,HIGH SHIFT
U0007,3.933333333333333,11.8,19.0,4.830508474576272,0.12893462469733655,HIGH SHIFT
U0008,5.533333333333333,18.0,15.6,2.819277108433735,-0.028399311531841675,LOW SHIFT
U0009,6.466666666666667,19.0,14.8,2.288659793814433,-0.025405007363770358,LOW SHIFT
U0010,5.6,18.6,15.0,2.678571428571429,-0.05676020408163269,LOW SHIFT
U0011,6.6,15.2,14.2,2.1515151515151514,0.0032467532467532856,LOW SHIFT
U0012,7.133333333333334,16.4,16.4,2.2990654205607473,-0.013518024032042632,LOW SHIFT
U0013,6.466666666666667,15.0,11.6,1.7938144329896906,-0.046391752577319485,LOW SHIFT
U0014,5.066666666666666,17.4,16.2,3.1973684210526314,-0.00704887218045111,LOW SHIFT
U0015,7.066666666666666,17.4,17.0,2.405660377358491,0.011118598382749374,MEDIUM SHIFT
U0016,4.066666666666666,12.6,11.4,2.8032786885245904,-0.03161592505854779,LOW SHIFT
U0017,5.466666666666667,13.8,15.2,2.7804878048780486,0.039851916376306674,MEDIUM SHIFT
U0018,6.066666666666666,11.8,17.8,2.9340659340659343,0.0753532182103611,MEDIUM SHIFT
U0019,5.066666666666666,14.8,11.2,2.2105263157894735,-0.048637218045112736,LOW SHIFT
U0020,6.4,15.6,10.0,1.5625,-0.06361607142857126,LOW SHIFT
U0021,5.133333333333334,19.2,12.4,2.4155844155844153,-0.13775510204081617,LOW SHIFT
U0022,5.133333333333334,19.6,16.0,3.1168831168831166,-0.021567717996289447,LOW SHIFT
U0023,5.333333333333333,21.4,13.8,2.5875000000000004,-0.1011160714285712,LOW SHIFT
U0024,5.2,20.8,12.2,2.346153846153846,-0.09546703296703286,LOW SHIFT
U0025,5.133333333333334,15.0,11.8,2.2987012987012987,-0.061920222634508,LOW SHIFT
U0026,5.266666666666667,12.8,14.4,2.7341772151898733,0.055605786618444966,MEDIUM SHIFT
U0027,6.066666666666666,12.8,19.2,3.1648351648351647,0.1142072213500785,HIGH SHIFT
U0028,5.6,16.0,14.4,2.5714285714285716,0.0006377551020409684,LOW SHIFT
U0029,6.133333333333334,16.0,14.8,2.4130434782608696,-0.011645962732919088,LOW SHIFT
U0030,4.8,17.2,13.6,2.8333333333333335,-0.07217261904761897,LOW SHIFT
U0031,5.533333333333333,17.2,14.8,2.6746987951807233,-0.054862306368330484,LOW SHIFT
U0032,5.866666666666666,15.0,16.4,2.7954545454545454,0.033482142857142926,MEDIUM SHIFT
U0033,6.466666666666667,15.6,12.4,1.9175257731958764,-0.07952871870397635,LOW SHIFT
U0034,4.8,20.4,19.2,4.0,-0.024553571428571463,LOW SHIFT
U0035,4.866666666666666,19.6,18.2,3.7397260273972606,-0.03816046966731894,LOW SHIFT
U0036,4.533333333333333,11.6,11.2,2.4705882352941178,0.025210084033613495,MEDIUM SHIFT
U0037,5.133333333333334,14.6,17.2,3.35064935064935,0.0313079777365491,HIGH SHIFT
U0038,6.866666666666666,13.8,18.0,2.621359223300971,0.05253120665742017,MEDIUM SHIFT
U0039,5.133333333333334,17.6,17.0,3.3116883116883113,-0.013914656771799712,LOW SHIFT
U0040,5.2,12.6,16.0,3.0769230769230766,0.05975274725274729,HIGH SHIFT
U0041,5.466666666666667,16.8,12.8,2.341463414634146,-0.05683797909407654,LOW SHIFT
U0042,4.733333333333333,8.6,16.8,3.5492957746478875,0.14939637826961763,HIGH SHIFT
U0043,6.4,15.8,12.6,1.9687499999999998,-0.05747767857142833,LOW SHIFT
U0044,7.066666666666666,14.4,18.2,2.5754716981132075,0.03032345013477091,MEDIUM SHIFT
U0045,4.266666666666667,12.8,12.6,2.953125,-0.03348214285714301,LOW SHIFT
U0046,5.866666666666666,16.6,17.8,3.0340909090909096,-0.02495941558441556,LOW SHIFT
U0047,6.266666666666667,15.2,16.4,2.6170212765957444,0.025075987841945178,MEDIUM SHIFT
U0048,6.333333333333333,12.2,18.4,2.9052631578947365,0.0761278195488723,MEDIUM SHIFT
U0049,4.8,13.6,11.8,2.4583333333333335,-0.03125000000000002,LOW SHIFT
U0050,6.066666666666666,10.4,16.8,2.7692307692307696,0.08830455259026675,MEDIUM SHIFT
U0051,11.933333333333334,57.4,106.2,8.899441340782124,0.370211492418196,HIGH SHIFT
U0052,12.266666666666667,48.2,84.2,6.864130434782608,0.33511257763975144,HIGH SHIFT
U0053,12.6,52.6,103.8,8.238095238095237,0.39314058956916076,HIGH SHIFT
U0054,11.6,51.4,115.0,9.913793103448276,0.5578817733990142,HIGH SHIFT
U0055,12.466666666666667,47.0,121.2,9.72192513368984,0.5715240641711227,HIGH SHIFT
U0056,13.066666666666666,53.2,125.6,9.612244897959183,0.5297011661807575,HIGH SHIFT
U0057,11.6,48.6,111.6,9.620689655172413,0.4815270935960587,HIGH SHIFT
U0058,13.0,53.6,97.8,7.523076923076923,0.33873626373626353,HIGH SHIFT
U0059,12.8,54.4,116.0,9.0625,0.4118303571428567,HIGH SHIFT
U0060,10.133333333333333,48.8,121.8,12.019736842105264,0.7200422932330822,HIGH SHIFT
U0061,13.6,48.4,92.0,6.764705882352941,0.32169117647058804,HIGH SHIFT
U0062,13.666666666666666,52.2,98.6,7.214634146341464,0.337630662020906,HIGH SHIFT
U0063,15.0,57.0,108.4,7.2266666666666675,0.3366666666666664,HIGH SHIFT
U0064,12.133333333333333,45.8,101.4,8.357142857142858,0.4674254317111458,HIGH SHIFT
U0065,12.6,53.2,97.6,7.746031746031746,0.36989795918367313,HIGH SHIFT
U0066,12.266666666666667,52.6,107.8,8.78804347826087,0.47690217391304296,HIGH SHIFT
U0067,14.6,62.0,108.0,7.397260273972603,0.316780821917808,HIGH SHIFT
U0068,14.4,55.8,127.8,8.875,0.5042162698412693,HIGH SHIFT
U0069,14.333333333333334,43.6,129.8,9.055813953488373,0.5307308970099663,HIGH SHIFT
U0070,12.533333333333333,61.6,126.2,10.069148936170214,0.5069338905775074,HIGH SHIFT
U0071,11.8,50.2,97.4,8.254237288135593,0.4164648910411618,HIGH SHIFT
U0072,12.933333333333334,58.2,93.0,7.190721649484536,0.2189801178203241,HIGH SHIFT
U0073,13.533333333333333,49.0,118.4,8.748768472906404,0.5101161154116817,HIGH SHIFT
U0074,14.333333333333334,45.8,102.6,7.158139534883721,0.3710132890365447,HIGH SHIFT
U0075,11.6,40.0,105.8,9.120689655172415,0.5594211822660097,HIGH SHIFT
U0076,5.733333333333333,5.8,4.0,0.6976744186046512,-0.03176910299003326,NORMAL
U0077,5.6,7.2,5.0,0.8928571428571429,-0.044642857142857116,NORMAL
U0078,5.8,8.2,4.0,0.6896551724137931,-0.06342364532019705,NORMAL
U0079,4.866666666666666,5.6,6.2,1.2739726027397262,0.00880626223091985,NORMAL
U0080,5.4,4.4,4.4,0.8148148148148149,0.0059523809523809685,NORMAL
U0081,4.2,4.2,5.6,1.3333333333333333,0.011904761904761843,LOW SHIFT
U0082,6.333333333333333,4.8,4.8,0.7578947368421053,-0.012969924812030085,NORMAL
U0083,5.4,6.8,3.4,0.6296296296296295,-0.05224867724867725,NORMAL
U0084,5.6,6.2,7.4,1.3214285714285716,0.016581632653061132,LOW SHIFT
U0085,4.0,7.8,7.6,1.9,-0.025892857142857172,LOW SHIFT
U0086,5.6,3.4,5.2,0.9285714285714287,0.04209183673469386,LOW SHIFT
U0087,5.0,7.6,3.8,0.76,-0.08285714285714284,NORMAL
U0088,5.466666666666667,6.2,5.6,1.024390243902439,0.005879790940766527,NORMAL
U0089,5.933333333333334,6.4,7.2,1.2134831460674158,0.024678972712680537,LOW SHIFT
U0090,5.066666666666666,6.4,4.2,0.8289473684210527,-0.030310150375939673,NORMAL
U0091,5.066666666666666,6.8,5.2,1.0263157894736843,-0.019736842105263178,NORMAL
U0092,4.6,6.2,8.4,1.8260869565217392,0.03726708074534154,MEDIUM SHIFT
U0093,5.2,3.8,5.2,1.0,0.011675824175824181,LOW SHIFT
U0094,5.933333333333334,4.2,3.4,0.5730337078651685,-0.027688603531300114,NORMAL
U0095,5.2,4.6,6.2,1.1923076923076923,0.02678571428571419,LOW SHIFT
U0096,5.133333333333334,3.6,5.4,1.051948051948052,0.028525046382189254,LOW SHIFT
U0097,3.8666666666666667,5.0,6.8,1.7586206896551724,0.038793103448275766,MEDIUM SHIFT
U0098,6.4,6.2,5.6,0.8749999999999999,-0.002232142857142858,NORMAL
U0099,6.533333333333333,3.8,5.6,0.8571428571428571,0.025692419825072883,LOW SHIFT
U0100,5.533333333333333,5.2,6.8,1.2289156626506024,0.026462994836488816,LOW SHIFT
U0101,6.0,6.0,6.8,1.1333333333333333,0.01904761904761898,LOW SHIFT
U0102,6.133333333333334,4.2,3.4,0.5543478260869564,-0.01397515527950302,NORMAL
U0103,3.933333333333333,6.6,5.2,1.3220338983050848,-0.0608353510895883,NORMAL
U0104,5.6,6.0,7.0,1.25,0.006377551020408096,NORMAL
U0105,5.6,5.8,6.2,1.1071428571428572,0.015306122448979538,LOW SHIFT
U0106,5.0,5.8,4.6,0.9199999999999999,-0.020714285714285702,NORMAL
U0107,5.733333333333333,5.8,6.4,1.1162790697674418,0.010589700996677692,LOW SHIFT
U0108,5.4,7.6,8.0,1.4814814814814814,0.0013227513227512765,LOW SHIFT
U0109,4.8,6.2,4.4,0.9166666666666667,-0.06473214285714284,NORMAL
U0110,5.733333333333333,5.0,7.4,1.2906976744186047,0.03862126245847174,LOW SHIFT
U0111,6.466666666666667,7.0,5.4,0.8350515463917526,-0.016016200294550798,NORMAL
U0112,6.2,3.2,4.2,0.6774193548387097,-0.0005760368663595338,NORMAL
U0113,5.6,5.2,7.8,1.392857142857143,0.032525510204081585,LOW SHIFT
U0114,4.866666666666666,4.8,7.0,1.4383561643835618,0.055772994129158524,LOW SHIFT
U0115,6.466666666666667,3.2,2.8,0.43298969072164945,-0.0022091310751103928,NORMAL
U0116,5.333333333333333,4.6,2.6,0.48750000000000004,-0.029464285714285627,NORMAL
U0117,4.8,6.0,7.2,1.5,0.031249999999999917,LOW SHIFT
U0118,5.533333333333333,4.8,3.2,0.5783132530120483,-0.02388123924268507,NORMAL
U0119,4.333333333333333,6.6,5.4,1.2461538461538464,-0.0131868131868132,NORMAL
U0120,5.6,5.2,3.6,0.6428571428571429,-0.02933673469387756,NORMAL
U0121,5.866666666666666,3.6,6.2,1.0568181818181819,0.04383116883116879,LOW SHIFT
U0122,5.666666666666667,5.0,7.4,1.3058823529411765,0.03844537815126058,LOW SHIFT
U0123,6.0,6.2,4.8,0.7999999999999999,-0.022023809523809515,NORMAL
U0124,4.533333333333333,4.4,5.4,1.1911764705882355,0.043329831932773163,LOW SHIFT
U0125,5.333333333333333,6.2,6.4,1.2000000000000002,0.016741071428571418,LOW SHIFT
U0126,5.2,4.8,3.8,0.7307692307692307,-0.030219780219780168,NORMAL
U0127,5.0,7.2,3.6,0.72,-0.08214285714285706,NORMAL
U0128,5.533333333333333,5.6,4.0,0.7228915662650602,-0.013554216867469842,NORMAL
U0129,5.533333333333333,5.6,7.2,1.3012048192771084,0.01871772805507738,LOW SHIFT
U0130,6.0,6.0,5.2,0.8666666666666667,-0.014285714285714277,NORMAL
U0131,5.933333333333334,8.0,5.6,0.943820224719101,-0.04032905296950245,NORMAL
U0132,6.333333333333333,7.2,5.2,0.8210526315789475,-0.03270676691729326,NORMAL
U0133,5.0,5.4,4.4,0.8800000000000001,-0.020714285714285595,NORMAL
U0134,5.933333333333334,4.2,4.6,0.7752808988764044,0.02407704654895671,LOW SHIFT
U0135,5.4,6.4,3.0,0.5555555555555555,-0.048280423280423215,NORMAL
U0136,5.866666666666666,5.4,4.2,0.7159090909090909,-0.03287337662337662,NORMAL
U0137,5.133333333333334,3.4,6.0,1.1688311688311688,0.044526901669758805,LOW SHIFT
U0138,5.866666666666666,4.2,4.4,0.7500000000000001,0.007913961038960981,NORMAL
U0139,4.866666666666666,2.2,3.4,0.6986301369863014,0.03155577299412918,LOW SHIFT
U0140,4.933333333333334,4.8,3.6,0.7297297297297297,-0.019546332046331966,NORMAL
U0141,4.2,6.4,5.0,1.1904761904761905,-0.04761904761904763,NORMAL
U0142,6.333333333333333,6.4,4.8,0.7578947368421053,-0.027631578947368382,NORMAL
U0143,5.4,5.6,6.8,1.259259259259259,-6.249055317101933e-18,NORMAL
U0144,5.066666666666666,4.8,6.2,1.223684210526316,0.021146616541353275,LOW SHIFT
U0145,4.533333333333333,7.4,5.8,1.2794117647058822,-0.029936974789915957,NORMAL
U0146,5.4,5.2,4.8,0.8888888888888888,-0.01719576719576716,NORMAL
U0147,4.866666666666666,6.2,7.4,1.5205479452054798,0.017612524461839606,LOW SHIFT
U0148,5.8,5.8,5.4,0.9310344827586208,-0.020320197044334954,NORMAL
U0149,7.333333333333333,5.0,2.6,0.35454545454545455,-0.007305194805194714,NORMAL
U0150,5.933333333333334,7.0,8.4,1.4157303370786516,0.02227126805778485,LOW SHIFT
U0151,5.466666666666667,4.2,2.8,0.5121951219512195,-0.014372822299651502,NORMAL
U0152,5.466666666666667,3.4,3.8,0.6951219512195121,-0.001306620209059216,NORMAL
U0153,6.8,4.8,3.2,0.4705882352941177,-0.027310924369747875,NORMAL
U0154,6.533333333333333,5.4,4.2,0.6428571428571429,-0.028425655976676293,NORMAL
U0155,5.066666666666666,5.8,3.8,0.75,-0.01903195488721803,NORMAL
U0156,4.466666666666667,5.2,6.8,1.5223880597014925,0.02318763326226009,LOW SHIFT
U0157,5.6,6.2,4.2,0.7500000000000001,-0.029974489795918345,NORMAL
U0158,4.8,8.0,5.2,1.0833333333333335,-0.048363095238095184,NORMAL
U0159,5.466666666666667,3.6,6.6,1.2073170731707317,0.05422473867595815,LOW SHIFT
U0160,5.466666666666667,8.8,6.2,1.1341463414634145,-0.06467770034843204,NORMAL
U0161,6.533333333333333,5.6,3.8,0.5816326530612245,-0.01967930029154511,NORMAL
U0162,5.333333333333333,5.8,5.8,1.0875000000000001,0.010714285714285727,LOW SHIFT
U0163,6.733333333333333,5.8,6.6,0.9801980198019802,0.005304101838755224,NORMAL
U0164,5.533333333333333,5.0,7.0,1.2650602409638554,0.0174268502581755,LOW SHIFT
U0165,5.333333333333333,5.8,4.4,0.8250000000000001,-0.012053571428571358,NORMAL
U0166,4.0,4.8,4.8,1.2,0.014285714285714363,LOW SHIFT
U0167,5.8,6.2,6.6,1.1379310344827587,0.0030788177339901553,NORMAL
U0168,5.066666666666666,4.2,5.4,1.0657894736842106,0.020441729323308257,LOW SHIFT
U0169,5.466666666666667,5.4,4.2,0.7682926829268293,-0.0039198606271777375,NORMAL
U0170,6.333333333333333,6.2,5.0,0.7894736842105263,-0.008458646616541263,NORMAL
U0171,7.066666666666666,5.6,4.2,0.5943396226415095,-0.026280323450134802,NORMAL
U0172,6.533333333333333,4.8,4.4,0.6734693877551021,-0.02350583090379013,NORMAL
U0173,5.733333333333333,6.2,2.4,0.41860465116279066,-0.0585548172757474,NORMAL
U0174,6.6,5.0,4.0,0.6060606060606061,-0.028679653679653624,NORMAL
U0175,4.4,5.6,3.8,0.8636363636363635,-0.03977272727272711,NORMAL
U0176,8.066666666666666,7.6,7.2,0.8925619834710744,-0.01682408500590316,NORMAL
U0177,3.6666666666666665,6.6,6.8,1.8545454545454545,0.017532467532467608,MEDIUM SHIFT
U0178,4.8,4.4,4.8,1.0,0.010416666666666703,LOW SHIFT
U0179,5.866666666666666,3.8,6.4,1.090909090909091,0.032873376623376575,LOW SHIFT
U0180,5.333333333333333,7.0,5.4,1.0125000000000002,-0.019419642857142885,NORMAL
U0181,6.0,4.0,6.4,1.0666666666666667,0.02797619047619046,LOW SHIFT
U0182,5.0,7.2,7.2,1.44,-0.0014285714285714641,LOW SHIFT
U0183,4.4,5.2,5.0,1.1363636363636362,-0.003246753246753261,NORMAL
U0184,4.533333333333333,4.6,4.8,1.0588235294117647,0.011817226890756323,LOW SHIFT
U0185,6.266666666666667,8.6,4.6,0.7340425531914894,-0.05357142857142855,NORMAL
U0186,5.0,5.2,6.8,1.3599999999999999,0.019999999999999917,LOW SHIFT
U0187,5.333333333333333,4.8,4.6,0.8624999999999999,-0.011383928571428498,NORMAL
U0188,5.8,6.2,4.6,0.793103448275862,-0.012315270935960512,NORMAL
U0189,4.866666666666666,6.4,5.0,1.0273972602739727,-0.038160469667319036,NORMAL
U0190,5.533333333333333,7.2,6.4,1.1566265060240966,-0.009036144578313138,NORMAL
U0191,5.066666666666666,6.0,5.4,1.0657894736842106,-0.037359022556390994,NORMAL
U0192,5.133333333333334,4.6,6.2,1.2077922077922076,0.016697588126159513,LOW SHIFT
U0193,4.866666666666666,6.0,6.4,1.315068493150685,0.0007338551859099713,NORMAL
U0194,6.0,6.4,5.0,0.8333333333333334,-0.010714285714285633,NORMAL
U0195,4.933333333333334,3.8,5.8,1.1756756756756757,0.04126447876447869,LOW SHIFT
U0196,5.0,6.6,5.2,1.04,-0.024285714285714237,NORMAL
U0197,4.733333333333333,6.0,5.0,1.056338028169014,-0.025653923541247414,NORMAL
U0198,6.666666666666667,3.8,5.8,0.8699999999999999,0.037500000000000026,LOW SHIFT
U0199,3.7333333333333334,4.0,4.4,1.1785714285714286,0.014349489795918342,LOW SHIFT
U0200,6.2,7.6,5.6,0.9032258064516128,-0.02764976958525339,NORMAL
U0201,5.2,4.8,4.2,0.8076923076923077,-0.02266483516483523,NORMAL
U0202,5.066666666666666,4.0,7.8,1.5394736842105263,0.06062030075187963,LOW SHIFT
U0203,6.466666666666667,3.4,5.0,0.7731958762886598,0.012702503681885084,LOW SHIFT
U0204,5.066666666666666,6.0,5.2,1.0263157894736843,-0.022556390977443642,NORMAL
U0205,5.8,3.4,4.8,0.8275862068965517,0.028325123152709398,LOW SHIFT
U0206,5.866666666666666,6.4,2.8,0.4772727272727273,-0.05052759740259735,NORMAL
U0207,6.133333333333334,5.8,6.0,0.9782608695652173,0.00640527950310563,NORMAL
U0208,4.666666666666667,7.2,7.2,1.5428571428571427,0.003826530612244843,LOW SHIFT
U0209,5.6,5.6,6.4,1.142857142857143,0.0025510204081631914,NORMAL
U0210,5.466666666666667,5.6,5.0,0.9146341463414634,-0.010452961672473834,NORMAL
U0211,5.133333333333334,5.4,5.2,1.0129870129870129,-0.022959183673469396,NORMAL
U0212,6.0,7.8,6.8,1.1333333333333333,-0.01785714285714286,NORMAL
U0213,4.4,3.8,5.6,1.2727272727272725,0.04301948051948041,LOW SHIFT
U0214,5.533333333333333,3.2,5.8,1.0481927710843373,0.04776247848537001,LOW SHIFT
U0215,5.666666666666667,4.4,4.4,0.7764705882352941,0.011344537815126003,LOW SHIFT
U0216,4.133333333333334,7.4,6.0,1.4516129032258063,-0.02073732718894,LOW SHIFT
U0217,6.6,6.2,4.2,0.6363636363636365,-0.023268398268398258,NORMAL
U0218,5.0,5.4,8.2,1.64,0.05285714285714285,LOW SHIFT
U0219,5.666666666666667,3.6,4.8,0.8470588235294116,0.013235294117647104,LOW SHIFT
U0220,4.266666666666667,7.4,5.0,1.171875,-0.07533482142857134,NORMAL
U0221,3.7333333333333334,6.2,6.2,1.6607142857142858,0.005739795918367422,LOW SHIFT
U0222,6.0,2.8,5.2,0.8666666666666667,0.03511904761904764,LOW SHIFT
U0223,5.066666666666666,4.8,4.6,0.9078947368421052,-0.019031954887218077,NORMAL
U0224,5.6,6.0,3.4,0.6071428571428572,-0.04464285714285709,NORMAL
U0225,6.333333333333333,5.8,7.0,1.105263157894737,0.0129699248120301,LOW SHIFT
U0226,6.933333333333334,4.4,6.8,0.9807692307692307,0.03760302197802199,LOW SHIFT
U0227,6.266666666666667,5.6,6.6,1.053191489361702,0.02165653495440733,LOW SHIFT
U0228,6.466666666666667,6.4,6.4,0.9896907216494846,0.008284241531664256,NORMAL
U0229,6.666666666666667,4.8,4.0,0.6,-0.018214285714285676,NORMAL
U0230,6.466666666666667,4.4,3.0,0.4639175257731959,-0.028166421207658315,NORMAL
U0231,5.6,7.4,7.0,1.25,-0.009566326530612283,NORMAL
U0232,5.0,4.6,6.6,1.3199999999999998,0.03642857142857148,LOW SHIFT
U0233,6.266666666666667,4.0,5.0,0.7978723404255319,0.009688449848024307,NORMAL
U0234,5.8,5.6,5.8,1.0,0.012315270935960628,LOW SHIFT
U0235,6.333333333333333,4.6,5.2,0.8210526315789475,0.001127819548872186,NORMAL
U0236,6.6,7.0,3.4,0.5151515151515151,-0.0443722943722943,NORMAL
U0237,4.666666666666667,6.8,6.4,1.3714285714285714,-0.0061224489795918755,LOW SHIFT
U0238,4.2,7.6,7.4,1.7619047619047619,-0.013605442176870817,LOW SHIFT
U0239,5.133333333333334,7.0,4.6,0.896103896103896,-0.054962894248608514,NORMAL
U0240,5.266666666666667,4.8,4.8,0.9113924050632911,-0.00949367088607597,NORMAL
U0241,4.933333333333334,4.4,7.8,1.581081081081081,0.06660231660231654,LOW SHIFT
U0242,6.533333333333333,7.2,6.8,1.0408163265306123,-0.014759475218658918,NORMAL
U0243,5.333333333333333,5.4,3.2,0.6000000000000001,-0.022098214285714225,NORMAL
U0244,4.333333333333333,5.6,7.0,1.6153846153846154,0.032142857142856994,LOW SHIFT
U0245,5.0,7.2,5.0,1.0,-0.0342857142857143,NORMAL
U0246,5.4,5.0,5.4,1.0,0.011243386243386243,LOW SHIFT
U0247,5.933333333333334,5.2,2.6,0.43820224719101125,-0.038523274478330614,NORMAL
U0248,6.4,5.6,5.4,0.84375,0.0022321428571429134,NORMAL
U0249,5.466666666666667,5.6,4.6,0.8414634146341463,-0.00653310104529611,NORMAL
U0250,5.933333333333334,5.8,5.4,0.9101123595505618,0.0018057784911717338,NORMAL
U0251,5.066666666666666,3.8,6.2,1.223684210526316,0.02678571428571423,LOW SHIFT
U0252,6.4,4.6,4.2,0.65625,0.005580357142857101,NORMAL
U0253,5.266666666666667,6.4,6.6,1.2531645569620253,-0.004746835443037995,NORMAL
U0254,6.333333333333333,5.8,5.6,0.8842105263157894,0.007894736842105258,NORMAL
U0255,5.4,5.4,6.2,1.1481481481481481,0.014550264550264626,LOW SHIFT
U0256,4.266666666666667,5.4,6.8,1.59375,0.0284598214285714,LOW SHIFT
U0257,5.733333333333333,5.2,5.6,0.9767441860465116,0.014950166112956863,LOW SHIFT
U0258,5.2,5.4,5.4,1.0384615384615385,-0.00206043956043949,NORMAL
U0259,6.066666666666666,6.2,5.2,0.8571428571428572,-0.018838304552590293,NORMAL
U0260,8.133333333333333,4.8,6.0,0.7377049180327869,0.007464871194379445,NORMAL
U0261,4.933333333333334,4.4,4.4,0.8918918918918919,-0.002895752895752799,NORMAL
U0262,5.0,6.4,4.8,0.96,-0.017142857142857043,NORMAL
U0263,5.4,6.8,4.6,0.8518518518518517,-0.04629629629629626,NORMAL
U0264,6.933333333333334,4.8,4.4,0.6346153846153847,0.002060439560439553,NORMAL
U0265,4.266666666666667,6.4,4.4,1.03125,-0.03013392857142868,NORMAL
U0266,5.0,6.0,7.8,1.56,0.02071428571428569,LOW SHIFT
U0267,6.266666666666667,5.0,2.6,0.41489361702127664,-0.03191489361702128,NORMAL
U0268,6.066666666666666,7.0,4.4,0.7252747252747254,-0.04179748822605963,NORMAL
U0269,6.0,7.0,7.0,1.1666666666666667,-0.008928571428571494,NORMAL
U0270,6.666666666666667,5.8,4.8,0.72,-0.02357142857142861,NORMAL
U0271,6.2,4.4,7.0,1.129032258064516,0.04838709677419357,LOW SHIFT
U0272,5.466666666666667,3.8,6.0,1.0975609756097562,0.030705574912891963,LOW SHIFT
U0273,5.533333333333333,2.0,3.0,0.5421686746987951,0.0025817555938037777,NORMAL
U0274,5.066666666666666,4.2,5.0,0.986842105263158,0.01550751879699256,LOW SHIFT
U0275,6.133333333333334,4.4,4.4,0.717391304347826,-0.0005822981366459948,NORMAL
U0276,5.6,5.6,6.6,1.1785714285714286,0.0019132653061223713,NORMAL
U0277,6.666666666666667,4.2,6.4,0.96,0.01767857142857138,LOW SHIFT
U0278,5.466666666666667,5.8,6.0,1.0975609756097562,-0.002613240418118507,NORMAL
U0279,5.8,4.0,6.6,1.1379310344827587,0.043103448275862044,LOW SHIFT
U0280,4.266666666666667,3.4,7.0,1.640625,0.05440848214285704,LOW SHIFT
U0281,6.066666666666666,8.0,6.2,1.0219780219780221,-0.04532967032967032,NORMAL
U0282,6.733333333333333,3.8,6.2,0.9207920792079208,0.03606789250353597,LOW SHIFT
U0283,5.866666666666666,6.0,6.4,1.090909090909091,0.01400162337662334,LOW SHIFT
U0284,5.4,5.4,4.6,0.8518518518518517,-0.015873015873015782,NORMAL
U0285,5.866666666666666,6.4,5.8,0.9886363636363636,-0.009740259740259742,NORMAL
U0286,6.066666666666666,3.8,4.8,0.7912087912087912,0.0188383045525903,LOW SHIFT
U0287,5.866666666666666,2.8,4.0,0.6818181818181819,0.030438311688311712,LOW SHIFT
U0288,5.2,3.6,4.6,0.8846153846153845,0.01236263736263731,LOW SHIFT
U0289,5.333333333333333,5.8,5.2,0.9750000000000001,-0.018749999999999992,NORMAL
U0290,5.866666666666666,2.8,5.6,0.9545454545454546,0.027394480519480527,LOW SHIFT
U0291,6.333333333333333,3.8,8.0,1.2631578947368423,0.04906015037593979,LOW SHIFT
U0292,5.533333333333333,6.2,4.4,0.7951807228915664,-0.032917383820998264,NORMAL
U0293,5.8,7.0,6.2,1.0689655172413794,-0.014778325123152747,NORMAL
U0294,5.4,6.8,5.2,0.9629629629629629,-0.026455026455026454,NORMAL
U0295,5.066666666666666,6.8,2.6,0.5131578947368421,-0.06484962406015025,NORMAL
U0296,4.866666666666666,7.0,4.0,0.8219178082191781,-0.06457925636007818,NORMAL
U0297,6.266666666666667,4.6,6.8,1.0851063829787233,0.046162613981762905,LOW SHIFT
U0298,5.4,5.2,6.0,1.111111111111111,-0.006613756613756706,NORMAL
U0299,5.0,3.2,4.4,0.8800000000000001,0.016428571428571424,LOW SHIFT
U0300,5.866666666666666,5.4,2.0,0.34090909090909094,-0.046266233766233754,NORMAL
U0301,4.8,7.0,5.8,1.2083333333333333,-0.023809523809523787,NORMAL
U0302,4.466666666666667,4.2,5.2,1.164179104477612,0.02158848614072497,LOW SHIFT
U0303,5.266666666666667,3.4,5.0,0.949367088607595,0.031871609403254994,LOW SHIFT
U0304,5.6,5.2,6.2,1.1071428571428572,0.010841836734693858,LOW SHIFT
U0305,5.6,5.8,5.8,1.0357142857142858,-0.0006377551020408266,NORMAL
U0306,5.2,7.4,5.6,1.0769230769230769,-0.046016483516483554,NORMAL
U0307,6.2,3.6,8.2,1.3225806451612903,0.0564516129032258,LOW SHIFT
U0308,6.666666666666667,5.6,5.2,0.78,-0.008035714285714307,NORMAL
U0309,6.466666666666667,3.2,4.2,0.6494845360824743,0.01601620029455081,LOW SHIFT
U0310,4.466666666666667,6.4,6.0,1.3432835820895521,-0.017590618336886948,NORMAL
U0311,4.333333333333333,5.0,5.2,1.2000000000000002,0.029670329670329686,LOW SHIFT
U0312,6.333333333333333,3.8,6.6,1.0421052631578946,0.04736842105263158,LOW SHIFT
U0313,4.866666666666666,5.4,6.0,1.2328767123287672,-3.6644818769943276e-17,NORMAL
U0314,6.933333333333334,6.6,5.2,0.75,-0.02987637362637362,NORMAL
U0315,5.733333333333333,5.0,4.4,0.7674418604651163,-0.009966777408637884,NORMAL
U0316,6.0,6.4,3.8,0.6333333333333333,-0.027380952380952308,NORMAL
U0317,5.333333333333333,5.8,7.4,1.3875000000000002,0.024776785714285626,LOW SHIFT
U0318,6.533333333333333,5.0,6.2,0.9489795918367347,0.0038265306122448567,NORMAL
U0319,5.8,4.6,6.6,1.1379310344827587,0.04987684729064039,LOW SHIFT
U0320,5.866666666666666,4.4,6.8,1.1590909090909092,0.03409090909090902,LOW SHIFT
U0321,6.2,6.2,6.0,0.9677419354838709,-0.001728110599078313,NORMAL
U0322,5.4,3.6,6.4,1.1851851851851851,0.051587301587301584,LOW SHIFT
U0323,4.733333333333333,5.6,5.6,1.1830985915492958,-0.015090543259557361,NORMAL
U0324,6.2,7.2,4.4,0.7096774193548387,-0.033410138248847865,NORMAL
U0325,5.2,5.2,7.0,1.346153846153846,0.024725274725274627,LOW SHIFT
U0326,5.0,4.6,2.8,0.5599999999999999,-0.03285714285714277,NORMAL
U0327,5.666666666666667,4.4,4.2,0.7411764705882353,6.195393190619054e-17,NORMAL
U0328,5.666666666666667,7.0,5.6,0.988235294117647,-0.02331932773109238,NORMAL
U0329,4.8,6.2,7.8,1.625,0.009672619047619012,LOW SHIFT
U0330,5.2,5.0,5.2,1.0,0.021291208791208792,LOW SHIFT
U0331,4.466666666666667,2.6,6.8,1.5223880597014925,0.08555437100213206,LOW SHIFT
U0332,5.8,5.6,3.4,0.5862068965517241,-0.042487684729063994,NORMAL
U0333,5.066666666666666,6.2,3.4,0.6710526315789473,-0.04440789473684196,NORMAL
U0334,5.466666666666667,4.8,5.4,0.9878048780487805,0.022865853658536557,LOW SHIFT
U0335,6.933333333333334,5.0,5.6,0.8076923076923076,-0.0015453296703296976,NORMAL
U0336,5.8,5.4,4.8,0.8275862068965517,-0.008004926108374303,NORMAL
U0337,4.733333333333333,7.6,5.4,1.1408450704225352,-0.024899396378269663,NORMAL
U0338,6.466666666666667,5.6,6.8,1.0515463917525774,0.021539027982326896,LOW SHIFT
U0339,5.8,7.6,3.0,0.5172413793103449,-0.07204433497536945,NORMAL
U0340,5.733333333333333,3.2,9.0,1.569767441860465,0.10215946843853817,LOW SHIFT
U0341,4.666666666666667,4.6,6.8,1.457142857142857,0.039795918367346826,LOW SHIFT
U0342,5.466666666666667,6.0,3.4,0.6219512195121951,-0.04638501742160268,NORMAL
U0343,5.8,6.6,3.6,0.6206896551724138,-0.04433497536945811,NORMAL
U0344,4.733333333333333,6.8,7.4,1.563380281690141,0.006790744466800785,LOW SHIFT
U0345,6.133333333333334,5.8,3.6,0.5869565217391304,-0.026203416149068216,NORMAL
U0346,5.666666666666667,6.0,4.6,0.8117647058823528,-0.013235294117647083,NORMAL
U0347,5.4,3.8,2.4,0.4444444444444444,-0.02777777777777773,NORMAL
U0348,4.733333333333333,4.6,6.4,1.352112676056338,0.01886317907444667,LOW SHIFT
U0349,5.6,4.8,4.4,0.7857142857142858,-0.019132653061224546,NORMAL
U0350,4.8,4.2,2.4,0.5,-0.027529761904761873,NORMAL
U0351,4.133333333333334,4.4,6.0,1.4516129032258063,0.03369815668202771,LOW SHIFT
U0352,4.733333333333333,6.6,6.2,1.3098591549295775,-0.02791750503018111,NORMAL
U0353,5.2,7.4,6.2,1.1923076923076923,-0.011675824175824193,NORMAL
U0354,6.133333333333334,5.8,4.2,0.6847826086956521,-0.016304347826087,NORMAL
U0355,4.266666666666667,3.8,6.4,1.5,0.06612723214285715,LOW SHIFT
U0356,6.333333333333333,5.2,5.4,0.8526315789473685,-0.000563909774436042,NORMAL
U0357,6.066666666666666,7.4,6.6,1.0879120879120878,-0.005298273155416051,NORMAL
U0358,5.733333333333333,5.6,4.2,0.7325581395348837,-0.03426079734219273,NORMAL
U0359,4.0,5.2,5.6,1.4,0.0044642857142857,LOW SHIFT
U0360,5.933333333333334,6.2,2.2,0.3707865168539326,-0.05838683788121989,NORMAL
U0361,4.866666666666666,5.4,3.8,0.7808219178082192,-0.027886497064579213,NORMAL
U0362,5.533333333333333,6.6,4.8,0.8674698795180723,-0.03227194492254731,NORMAL
U0363,6.4,6.2,6.8,1.0625,-2.510840764577024e-17,NORMAL
U0364,4.2,6.6,5.0,1.1904761904761905,-0.03316326530612256,NORMAL
U0365,5.8,4.0,5.6,0.9655172413793103,0.017857142857142835,LOW SHIFT
U0366,5.466666666666667,5.0,5.8,1.0609756097560976,-0.003919860627177791,NORMAL
U0367,4.333333333333333,3.0,7.6,1.7538461538461538,0.10137362637362625,MEDIUM SHIFT
U0368,4.866666666666666,6.8,5.4,1.1095890410958906,-0.02715264187866925,NORMAL
U0369,5.533333333333333,6.2,4.6,0.8313253012048192,-0.019363166953528303,NORMAL
U0370,6.466666666666667,4.8,5.8,0.8969072164948453,0.03092783505154641,LOW SHIFT
U0371,5.666666666666667,4.0,5.6,0.988235294117647,0.017647058823529287,LOW SHIFT
U0372,6.733333333333333,4.6,4.6,0.6831683168316831,0.006895332390381882,NORMAL
U0373,4.266666666666667,4.0,2.8,0.65625,-0.025948660714285695,NORMAL
U0374,5.4,4.8,7.2,1.3333333333333333,0.034391534391534265,LOW SHIFT
U0375,4.866666666666666,6.4,6.4,1.315068493150685,-0.009540117416829688,NORMAL
U0376,4.4,5.8,7.4,1.6818181818181817,0.030844155844155913,LOW SHIFT
U0377,5.733333333333333,5.8,6.2,1.0813953488372092,0.0199335548172758,LOW SHIFT
U0378,5.533333333333333,5.2,4.2,0.7590361445783133,-0.03291738382099833,NORMAL
U0379,5.333333333333333,6.4,5.2,0.9750000000000001,-0.005357142857142798,NORMAL
U0380,6.8,6.6,3.8,0.5588235294117647,-0.034138655462184885,NORMAL
U0381,5.133333333333334,4.2,4.8,0.9350649350649349,0.032699443413729073,LOW SHIFT
U0382,4.4,7.6,5.2,1.1818181818181817,-0.04951298701298702,NORMAL
U0383,5.6,4.4,5.2,0.9285714285714287,0.01403061224489793,LOW SHIFT
U0384,6.2,6.8,3.4,0.5483870967741935,-0.04435483870967734,NORMAL
U0385,5.6,8.0,3.8,0.6785714285714286,-0.0746173469387754,NORMAL
U0386,4.8,2.8,4.8,1.0,0.023809523809523853,LOW SHIFT
U0387,6.333333333333333,3.0,4.2,0.6631578947368422,0.01409774436090223,LOW SHIFT
U0388,4.933333333333334,4.4,7.4,1.5,0.0687741312741313,LOW SHIFT
U0389,5.133333333333334,5.4,4.0,0.7792207792207791,-0.015306122448979642,NORMAL
U0390,6.6,5.0,5.2,0.787878787878788,-0.009199134199134271,NORMAL
U0391,6.0,6.2,6.6,1.0999999999999999,0.023809523809523815,LOW SHIFT
U0392,5.933333333333334,3.8,6.8,1.146067415730337,0.03972712680577848,LOW SHIFT
U0393,4.866666666666666,6.8,7.4,1.5205479452054798,0.011007827788649744,LOW SHIFT
U0394,5.6,6.4,5.8,1.0357142857142858,0.0051020408163266456,NORMAL
U0395,5.6,7.2,3.6,0.6428571428571429,-0.05548469387755098,NORMAL
U0396,5.733333333333333,6.2,5.0,0.872093023255814,-0.0037375415282390927,NORMAL
U0397,5.733333333333333,5.4,5.2,0.9069767441860466,-0.017441860465116202,NORMAL
U0398,6.0,7.6,6.4,1.0666666666666667,-0.02500000000000002,NORMAL
U0399,4.4,6.0,4.8,1.0909090909090908,-0.0073051948051946584,NORMAL
U0400,7.066666666666666,6.6,7.6,1.0754716981132075,0.024258760107816697,LOW SHIFT
U0401,4.733333333333333,5.2,5.0,1.056338028169014,0.012826961770623787,LOW SHIFT
U0402,3.6,7.0,4.6,1.2777777777777777,-0.061507936507936505,NORMAL
U0403,5.933333333333334,5.8,5.0,0.8426966292134831,0.010232744783306541,LOW SHIFT
U0404,6.666666666666667,4.6,5.0,0.75,-7.947792392308982e-17,NORMAL
U0405,5.266666666666667,7.6,3.6,0.6835443037974683,-0.06035262206148281,NORMAL
U0406,5.0,5.8,4.6,0.9199999999999999,-0.004285714285714265,NORMAL
U0407,6.533333333333333,3.0,6.0,0.9183673469387755,0.03881195335276966,LOW SHIFT
U0408,6.266666666666667,5.8,5.0,0.7978723404255319,-0.011968085106382902,NORMAL
U0409,6.533333333333333,7.2,7.8,1.1938775510204083,0.015852769679300247,LOW SHIFT
U0410,5.2,6.2,4.8,0.923076923076923,-0.024038461538461505,NORMAL
U0411,4.866666666666666,4.6,2.6,0.5342465753424658,-0.04256360078277879,NORMAL
U0412,5.866666666666666,4.0,5.4,0.9204545454545455,0.023133116883116877,LOW SHIFT
U0413,4.866666666666666,5.8,3.8,0.7808219178082192,-0.028620352250489173,NORMAL
U0414,5.4,4.4,4.2,0.7777777777777778,-0.0019841269841270053,NORMAL
U0415,5.666666666666667,7.2,4.8,0.8470588235294116,-0.04033613445378142,NORMAL
U0416,4.6,3.2,6.2,1.347826086956522,0.0628881987577639,LOW SHIFT
U0417,6.2,6.4,5.0,0.8064516129032258,0.008640552995391727,NORMAL
U0418,5.2,5.6,6.4,1.2307692307692308,0.017170329670329627,LOW SHIFT
U0419,6.8,6.6,4.8,0.7058823529411765,-0.0031512605042016274,NORMAL
U0420,5.466666666666667,4.0,7.2,1.3170731707317074,0.048998257839721136,LOW SHIFT
U0421,5.466666666666667,3.8,5.0,0.9146341463414634,0.009146341463414497,NORMAL
U0422,5.333333333333333,6.8,3.4,0.6375000000000001,-0.05290178571428564,NORMAL
U0423,6.133333333333334,6.8,5.2,0.8478260869565217,-0.01863354037267075,NORMAL
U0424,6.533333333333333,5.0,5.8,0.8877551020408163,0.0021865889212827386,NORMAL
U0425,6.2,4.6,4.6,0.7419354838709676,-0.004032258064516122,NORMAL
U0426,4.733333333333333,3.0,5.8,1.2253521126760563,0.06488933601609649,LOW SHIFT
U0427,5.6,6.0,6.4,1.142857142857143,0.0031887755102041194,NORMAL
U0428,5.6,4.6,4.6,0.8214285714285714,0.020408163265306173,LOW SHIFT
U0429,6.933333333333334,3.8,4.6,0.6634615384615384,0.0036057692307692414,NORMAL
U0430,7.133333333333334,6.6,5.4,0.7570093457943925,-0.019025367156208242,NORMAL
U0431,4.733333333333333,7.6,5.0,1.056338028169014,-0.041498993963782635,NORMAL
U0432,5.533333333333333,6.6,6.2,1.1204819277108435,0.007745266781411412,NORMAL
U0433,5.666666666666667,2.8,8.0,1.4117647058823528,0.09957983193277303,LOW SHIFT
U0434,5.4,3.4,5.4,1.0,0.021164021164021114,LOW SHIFT
U0435,5.6,4.8,4.6,0.8214285714285714,-0.007653061224489832,NORMAL
U0436,5.733333333333333,4.8,8.2,1.4302325581395348,0.05668604651162775,LOW SHIFT
U0437,3.7333333333333334,4.0,7.0,1.875,0.07748724489795904,MEDIUM SHIFT
U0438,4.866666666666666,7.0,6.8,1.3972602739726028,0.0014677103718199135,LOW SHIFT
U0439,4.8,4.2,7.6,1.5833333333333333,0.06547619047619042,LOW SHIFT
U0440,6.0,6.4,3.6,0.6,-0.035714285714285574,NORMAL
U0441,4.666666666666667,7.0,6.2,1.3285714285714285,-0.004591836734693938,NORMAL
U0442,6.666666666666667,4.2,4.0,0.6,-0.004285714285714242,NORMAL
U0443,5.0,5.6,5.0,1.0,-0.0028571428571427483,NORMAL
U0444,6.2,6.4,4.8,0.7741935483870968,-0.01900921658986164,NORMAL
U0445,6.133333333333334,4.8,4.2,0.6847826086956521,-0.03144409937888192,NORMAL
U0446,5.533333333333333,4.0,4.2,0.7590361445783133,0.007099827882960476,NORMAL
U0447,5.266666666666667,5.6,4.2,0.7974683544303798,-0.01152802893309214,NORMAL
U0448,5.4,7.6,6.6,1.222222222222222,-0.025132275132275114,NORMAL
U0449,6.066666666666666,6.4,3.0,0.4945054945054945,-0.048861852433281026,NORMAL
U0450,5.933333333333334,3.4,7.4,1.247191011235955,0.06440609951845905,LOW SHIFT
U0451,6.266666666666667,7.6,6.8,1.0851063829787233,-0.003989361702127661,NORMAL
U0452,5.0,5.8,6.2,1.24,0.007857142857142793,NORMAL
U0453,5.466666666666667,6.4,5.8,1.0609756097560976,0.004573170731707306,NORMAL
U0454,6.733333333333333,7.0,5.6,0.8316831683168316,-0.015912305516265837,NORMAL
U0455,6.4,7.4,9.0,1.40625,0.013392857142857123,LOW SHIFT
U0456,4.733333333333333,3.8,6.2,1.3098591549295775,0.052816901408450696,LOW SHIFT
U0457,6.133333333333334,3.2,5.0,0.8152173913043478,0.034355590062111786,LOW SHIFT
U0458,4.8,6.0,5.6,1.1666666666666667,-0.0029761904761905432,NORMAL
U0459,5.133333333333334,5.0,3.8,0.7402597402597402,0.002782931354359988,NORMAL
U0460,5.733333333333333,6.4,5.0,0.872093023255814,-0.02429401993355484,NORMAL
U0461,5.2,5.4,6.6,1.2692307692307692,0.019917582417582333,LOW SHIFT
U0462,5.8,5.0,6.2,1.0689655172413794,-0.0012315270935961563,NORMAL
U0463,6.266666666666667,7.0,4.2,0.6702127659574468,-0.025075987841945195,NORMAL
U0464,4.933333333333334,8.4,5.4,1.0945945945945945,-0.06225868725868719,NORMAL
U0465,4.333333333333333,6.8,6.6,1.523076923076923,0.005769230769230904,LOW SHIFT
U0466,5.066666666666666,4.2,5.8,1.1447368421052633,0.03383458646616542,LOW SHIFT
U0467,5.2,4.0,3.4,0.6538461538461539,-0.007554945054944994,NORMAL
U0468,7.0,6.0,5.2,0.7428571428571429,-0.004591836734693884,NORMAL
U0469,5.933333333333334,6.4,4.6,0.7752808988764044,-0.030698234349919782,NORMAL
U0470,5.666666666666667,3.6,4.0,0.7058823529411764,0.011974789915966382,LOW SHIFT
U0471,5.2,3.8,5.8,1.1153846153846154,0.04052197802197804,LOW SHIFT
U0472,5.133333333333334,4.8,3.6,0.7012987012987013,-0.029916512059369196,NORMAL
U0473,5.8,5.4,5.6,0.9655172413793103,0.0012315270935960546,NORMAL
U0474,6.0,3.0,4.2,0.7000000000000001,0.002380952380952403,NORMAL
U0475,5.466666666666667,6.2,4.8,0.8780487804878049,-0.024825783972125412,NORMAL
U0476,6.733333333333333,6.6,6.2,0.9207920792079208,-0.010077793493635055,NORMAL
U0477,6.2,7.0,5.6,0.9032258064516128,-0.0339861751152074,NORMAL
U0478,6.0,6.0,3.4,0.5666666666666667,-0.046428571428571416,NORMAL
U0479,5.333333333333333,5.6,6.8,1.2750000000000001,0.028794642857142862,LOW SHIFT
U0480,5.133333333333334,6.6,4.2,0.8181818181818181,-0.029220779220779064,NORMAL
U0481,5.8,6.0,6.4,1.103448275862069,0.009852216748768473,NORMAL
U0482,5.333333333333333,5.8,5.4,1.0125000000000002,-0.00468750000000004,NORMAL
U0483,4.866666666666666,6.2,6.4,1.315068493150685,0.015410958904109656,LOW SHIFT
U0484,5.933333333333334,3.4,6.6,1.1123595505617976,0.029494382022471826,LOW SHIFT
U0485,6.333333333333333,3.4,6.0,0.9473684210526316,0.03947368421052632,LOW SHIFT
U0486,5.266666666666667,2.4,5.8,1.10126582278481,0.05424954792043394,LOW SHIFT
U0487,6.2,7.0,5.6,0.9032258064516128,-0.013824884792626765,NORMAL
U0488,4.466666666666667,4.0,8.8,1.9701492537313434,0.0887526652452025,MEDIUM SHIFT
U0489,6.333333333333333,3.6,5.4,0.8526315789473685,0.04849624060150375,LOW SHIFT
U0490,4.933333333333334,5.2,4.8,0.9729729729729729,-0.007239382239382328,NORMAL
U0491,6.4,7.2,7.0,1.09375,0.016183035714285785,LOW SHIFT
U0492,5.2,6.4,5.4,1.0384615384615385,-0.01442307692307698,NORMAL
U0493,5.466666666666667,5.6,5.0,0.9146341463414634,-0.024172473867595832,NORMAL
U0494,5.666666666666667,4.6,7.6,1.3411764705882352,0.03529411764705879,LOW SHIFT
U0495,4.666666666666667,5.8,4.8,1.0285714285714285,-0.0068877551020407,NORMAL
U0496,5.8,6.2,4.6,0.793103448275862,-0.03448275862068965,NORMAL
U0497,5.866666666666666,5.2,6.8,1.1590909090909092,0.02435064935064933,LOW SHIFT
U0498,7.0,4.8,5.6,0.7999999999999999,0.02295918367346936,LOW SHIFT
U0499,4.933333333333334,3.6,4.6,0.9324324324324323,0.026061776061776117,LOW SHIFT
U0500,6.333333333333333,3.0,6.4,1.0105263157894737,0.046804511278195474,LOW SHIFT
U0501,5.733333333333333,5.0,5.0,0.872093023255814,-0.008098006644518185,NORMAL
U0502,6.4,5.2,5.4,0.84375,0.007254464285714373,NORMAL
U0503,6.066666666666666,6.6,5.6,0.923076923076923,-0.013540031397174159,NORMAL
U0504,6.066666666666666,4.0,6.8,1.120879120879121,0.05121664050235475,LOW SHIFT
U0505,6.0,7.4,4.6,0.7666666666666666,-0.03988095238095235,NORMAL
U0506,4.933333333333334,5.0,5.2,1.054054054054054,0.0036196911196911766,NORMAL
U0507,6.533333333333333,4.8,7.8,1.1938775510204083,0.033345481049562704,LOW SHIFT
U0508,6.466666666666667,5.0,5.4,0.8350515463917526,-0.016568483063328462,NORMAL
U0509,4.2,6.4,6.0,1.4285714285714286,0.017006802721088454,LOW SHIFT
U0510,5.4,7.6,4.8,0.8888888888888888,-0.0509259259259259,NORMAL
U0511,4.466666666666667,7.8,5.8,1.2985074626865671,-0.05117270788912577,NORMAL
U0512,5.2,6.0,6.2,1.1923076923076923,0.02953296703296712,LOW SHIFT
U0513,5.0,6.6,4.4,0.8800000000000001,-0.05857142857142849,NORMAL
U0514,6.933333333333334,5.6,6.6,0.9519230769230769,0.006181318681318613,NORMAL
U0515,4.666666666666667,6.0,5.0,1.0714285714285714,-0.019897959183673375,NORMAL
U0516,5.533333333333333,7.6,5.4,0.9759036144578314,-0.04905335628227198,NORMAL
U0517,4.933333333333334,4.6,4.0,0.8108108108108107,-0.014478764478764504,NORMAL
U0518,4.266666666666667,4.0,6.6,1.546875,0.06947544642857131,LOW SHIFT
U0519,6.0,6.2,4.0,0.6666666666666666,-0.025,NORMAL
U0520,5.0,5.8,4.6,0.9199999999999999,-0.029285714285714207,NORMAL
U0521,6.466666666666667,5.8,6.8,1.0515463917525774,0.021539027982326892,LOW SHIFT
U0522,4.4,4.0,6.4,1.4545454545454546,0.03165584415584421,LOW SHIFT
U0523,6.466666666666667,7.2,3.8,0.5876288659793814,-0.04142120765832092,NORMAL
U0524,6.333333333333333,7.4,5.4,0.8526315789473685,-0.02988721804511276,NORMAL
U0525,5.866666666666666,7.0,4.6,0.7840909090909091,-0.030438311688311667,NORMAL
U0526,5.066666666666666,3.6,5.2,1.0263157894736843,0.016917293233082727,LOW SHIFT
U0527,7.2,6.8,3.2,0.4444444444444445,-0.03521825396825384,NORMAL
U0528,4.8,5.8,3.6,0.75,-0.037202380952380806,NORMAL
U0529,5.2,4.0,4.0,0.7692307692307692,-0.013736263736263776,NORMAL
U0530,7.2,3.8,7.2,1.0,0.03769841269841268,LOW SHIFT
U0531,5.933333333333334,7.4,4.8,0.8089887640449438,-0.04093097913322628,NORMAL
U0532,6.066666666666666,8.0,3.8,0.6263736263736264,-0.06534536891679746,NORMAL
U0533,4.666666666666667,6.4,8.6,1.8428571428571427,0.050510204081632565,MEDIUM SHIFT
U0534,4.6,5.0,3.8,0.8260869565217391,-0.02562111801242232,NORMAL
U0535,5.2,5.6,5.8,1.1153846153846154,0.002060439560439547,NORMAL
U0536,5.066666666666666,7.2,4.6,0.9078947368421052,-0.04511278195488713,NORMAL
U0537,4.066666666666666,3.2,3.8,0.9344262295081968,0.021955503512880576,LOW SHIFT
U0538,5.133333333333334,5.0,5.0,0.9740259740259739,-0.010435992578849787,NORMAL
U0539,5.733333333333333,5.8,3.6,0.627906976744186,-0.051702657807308976,NORMAL
U0540,5.866666666666666,5.6,6.0,1.0227272727272727,0.008522727272727347,NORMAL
U0541,6.133333333333334,8.6,5.4,0.8804347826086957,-0.044254658385093126,NORMAL
U0542,5.733333333333333,6.8,4.8,0.8372093023255813,-0.028654485049833846,NORMAL
U0543,4.4,5.6,5.4,1.2272727272727273,-0.0016233766233766749,NORMAL
U0544,6.333333333333333,8.2,2.8,0.4421052631578947,-0.08063909774436087,NORMAL
U0545,5.066666666666666,3.8,5.2,1.0263157894736843,0.021146616541353334,LOW SHIFT
U0546,5.6,5.2,5.4,0.9642857142857144,-0.019770408163265363,NORMAL
U0547,4.133333333333334,3.2,4.2,1.0161290322580645,-1.3755762284213065e-16,NORMAL
U0548,6.133333333333334,3.2,5.0,0.8152173913043478,0.0361024844720497,LOW SHIFT
U0549,6.4,5.2,2.4,0.37499999999999994,-0.0396205357142857,NORMAL
U0550,5.266666666666667,4.4,3.6,0.6835443037974683,-0.020343580470162756,NORMAL
U0551,6.4,8.2,4.8,0.7499999999999999,-0.05189732142857139,NORMAL
U0552,6.333333333333333,4.4,5.8,0.9157894736842105,0.03834586466165413,LOW SHIFT
U0553,4.266666666666667,5.4,4.8,1.125,-0.010881696428571348,NORMAL
U0554,5.2,3.6,6.4,1.2307692307692308,0.04395604395604399,LOW SHIFT
U0555,7.0,7.2,8.0,1.1428571428571428,0.013265306122449033,LOW SHIFT
U0556,5.6,6.4,4.6,0.8214285714285714,-0.01658163265306116,NORMAL
U0557,5.8,2.8,3.8,0.6551724137931034,0.014778325123152669,LOW SHIFT
U0558,6.733333333333333,5.2,4.8,0.7128712871287128,-0.001591230551626538,NORMAL
U0559,5.533333333333333,6.4,6.0,1.0843373493975903,-0.003227194492254688,NORMAL
U0560,5.733333333333333,5.8,3.8,0.6627906976744186,-0.01557308970099673,NORMAL
U0561,4.866666666666666,4.0,7.4,1.5205479452054798,0.0653131115459882,LOW SHIFT
U0562,3.7333333333333334,6.4,5.0,1.3392857142857142,-0.028698979591836562,NORMAL
U0563,5.4,6.8,6.8,1.259259259259259,-0.005291005291005264,NORMAL
U0564,5.666666666666667,7.0,2.8,0.4941176470588235,-0.0655462184873949,NORMAL
U0565,4.866666666666666,5.4,3.8,0.7808219178082192,-0.02862035225048922,NORMAL
U0566,5.066666666666666,4.8,6.2,1.223684210526316,0.04793233082706771,LOW SHIFT
U0567,6.066666666666666,6.4,5.8,0.9560439560439561,-0.002943485086342132,NORMAL
U0568,6.6,5.6,6.0,0.9090909090909092,-0.003787878787878819,NORMAL
U0569,5.6,7.2,5.2,0.9285714285714287,-0.03954081632653065,NORMAL
U0570,5.0,3.0,5.8,1.16,0.039285714285714236,LOW SHIFT
U0571,5.266666666666667,5.6,5.6,1.0632911392405062,-0.0067811934900542945,NORMAL
U0572,5.6,5.8,5.6,1.0,0.0006377551020408578,NORMAL
U0573,6.0,5.2,3.8,0.6333333333333333,-0.019642857142857108,NORMAL
U0574,5.666666666666667,7.0,8.6,1.5176470588235293,0.01764705882352934,LOW SHIFT
U0575,5.8,7.4,4.0,0.6896551724137931,-0.046182266009852244,NORMAL
U0576,5.666666666666667,6.6,7.4,1.3058823529411765,0.011974789915966379,LOW SHIFT
U0577,5.2,6.8,7.0,1.346153846153846,-0.006868131868131865,NORMAL
U0578,5.6,4.6,8.2,1.4642857142857142,0.06377551020408152,LOW SHIFT
U0579,5.133333333333334,4.8,7.0,1.3636363636363635,0.03965677179962896,LOW SHIFT
U0580,6.066666666666666,5.0,6.0,0.989010989010989,0.023547880690737835,LOW SHIFT
U0581,5.8,5.6,8.0,1.3793103448275863,0.04618226600985219,LOW SHIFT
U0582,4.666666666666667,4.6,7.0,1.5,0.05586734693877554,LOW SHIFT
U0583,5.2,4.6,6.0,1.1538461538461537,0.0020604395604396065,NORMAL
U0584,5.6,6.6,7.0,1.25,-0.005739795918367361,NORMAL
U0585,4.933333333333334,6.4,6.0,1.2162162162162162,-0.015202702702702749,NORMAL
U0586,5.2,6.4,7.0,1.346153846153846,0.008928571428571367,NORMAL
U0587,5.533333333333333,7.0,4.8,0.8674698795180723,-0.05357142857142849,NORMAL
U0588,5.8,5.6,6.0,1.0344827586206897,0.011699507389162568,LOW SHIFT
U0589,4.733333333333333,6.0,6.4,1.352112676056338,0.024144869215291777,LOW SHIFT
U0590,4.133333333333334,5.4,5.8,1.4032258064516128,0.0008640552995392745,LOW SHIFT
U0591,5.466666666666667,4.2,6.8,1.2439024390243902,0.056184668989547,LOW SHIFT
U0592,5.666666666666667,5.6,4.2,0.7411764705882353,-0.02521008403361338,NORMAL
U0593,5.666666666666667,5.0,4.4,0.7764705882352941,-0.011344537815125986,NORMAL
U0594,5.666666666666667,5.6,7.2,1.2705882352941176,0.021428571428571408,LOW SHIFT
U0595,6.733333333333333,5.0,5.4,0.801980198019802,-0.0010608203677510476,NORMAL
U0596,5.266666666666667,6.0,5.8,1.10126582278481,-0.002034358047016309,NORMAL
U0597,5.466666666666667,4.2,3.6,0.6585365853658537,-0.008493031358885017,NORMAL
U0598,6.866666666666666,7.2,6.2,0.9029126213592233,-0.020804438280166402,NORMAL
U0599,5.6,6.4,6.2,1.1071428571428572,0.0076530612244899,NORMAL
U0600,4.533333333333333,7.2,7.4,1.6323529411764708,0.007878151260504118,LOW SHIFT
U0601,5.533333333333333,4.6,5.0,0.9036144578313253,-4.492395603365667e-17,NORMAL
U0602,5.466666666666667,5.6,4.8,0.8780487804878049,-0.006533101045296065,NORMAL
U0603,5.8,3.0,4.0,0.6896551724137931,0.014162561576354675,LOW SHIFT
U0604,5.333333333333333,5.8,6.2,1.1625,0.009375000000000026,NORMAL
U0605,4.866666666666666,5.4,5.2,1.0684931506849316,0.013943248532289702,LOW SHIFT
U0606,5.8,5.4,3.4,0.5862068965517241,-0.027709359605911248,NORMAL
U0607,5.0,7.2,5.6,1.1199999999999999,-0.037857142857142895,NORMAL
U0608,4.933333333333334,6.0,3.2,0.6486486486486487,-0.06370656370656352,NORMAL
U0609,5.133333333333334,5.4,4.8,0.9350649350649349,-0.0020871985157698888,NORMAL
U0610,6.733333333333333,4.6,6.6,0.9801980198019802,0.014851485148514887,LOW SHIFT
U0611,4.466666666666667,3.8,5.0,1.1194029850746268,0.043176972281449885,LOW SHIFT
U0612,5.066666666666666,2.8,5.6,1.1052631578947367,0.0429981203007519,LOW SHIFT
U0613,5.066666666666666,4.4,5.0,0.986842105263158,0.03735902255639098,LOW SHIFT
U0614,5.733333333333333,6.4,4.4,0.7674418604651163,-0.024294019933554827,NORMAL
U0615,6.133333333333334,3.6,5.4,0.8804347826086957,0.02736801242236025,LOW SHIFT
U0616,6.6,5.0,4.8,0.7272727272727273,-0.0010822510822510658,NORMAL
U0617,6.6,4.6,4.6,0.6969696969696969,0.0005411255411256169,NORMAL
U0618,5.466666666666667,4.2,5.6,1.024390243902439,0.022212543554006987,LOW SHIFT
U0619,4.2,5.8,5.2,1.2380952380952381,-0.005952380952380822,NORMAL
U0620,5.0,3.6,3.4,0.6799999999999999,-0.012142857142857046,NORMAL
U0621,6.266666666666667,5.8,7.2,1.148936170212766,0.022796352583586584,LOW SHIFT
U0622,4.933333333333334,6.6,7.8,1.581081081081081,0.013754826254826298,LOW SHIFT
U0623,4.933333333333334,7.2,6.2,1.2567567567567568,-0.02244208494208498,NORMAL
U0624,5.2,5.4,8.0,1.5384615384615383,0.03502747252747248,LOW SHIFT
U0625,4.4,6.0,5.6,1.2727272727272725,-0.032467532467532326,NORMAL
U0626,4.933333333333334,6.6,6.6,1.3378378378378377,-0.0007239382239381735,NORMAL
U0627,4.733333333333333,6.8,4.0,0.8450704225352113,-0.0724346076458751,NORMAL
U0628,4.733333333333333,5.2,4.8,1.0140845070422535,0.005281690140845022,NORMAL
U0629,4.866666666666666,6.0,4.4,0.9041095890410961,-0.0308219178082192,NORMAL
U0630,4.533333333333333,4.6,6.2,1.3676470588235294,0.039390756302520966,LOW SHIFT
U0631,7.066666666666666,6.6,7.2,1.0188679245283019,0.010107816711590247,LOW SHIFT
U0632,5.2,4.2,8.4,1.6153846153846154,0.07554945054945039,LOW SHIFT
U0633,3.7333333333333334,5.4,5.8,1.5535714285714286,-0.008609693877551115,LOW SHIFT
U0634,5.533333333333333,6.8,5.4,0.9759036144578314,-0.0038726333907056717,NORMAL
U0635,5.866666666666666,8.0,7.0,1.1931818181818183,-0.01887175324675324,NORMAL
U0636,5.933333333333334,7.8,4.2,0.7078651685393258,-0.05597913322632419,NORMAL
U0637,4.6,6.2,5.6,1.2173913043478262,0.006987577639751608,NORMAL
U0638,4.933333333333334,4.8,7.0,1.4189189189189189,0.036920849420849416,LOW SHIFT
U0639,5.933333333333334,6.0,4.6,0.7752808988764044,-0.024678972712680467,NORMAL
U0640,5.6,6.4,5.6,1.0,-0.01977040816326534,NORMAL
U0641,5.333333333333333,3.6,3.8,0.7125,0.007366071428571501,NORMAL
U0642,5.2,4.6,8.8,1.6923076923076923,0.08104395604395598,LOW SHIFT
U0643,5.533333333333333,4.6,5.0,0.9036144578313253,-0.014199655765920766,NORMAL
U0644,6.466666666666667,5.4,4.6,0.7113402061855669,0.006627393225331404,NORMAL
U0645,5.466666666666667,7.0,4.8,0.8780487804878049,-0.028745644599303132,NORMAL
U0646,5.533333333333333,4.6,7.6,1.3734939759036144,0.05486230636833048,LOW SHIFT
U0647,4.8,5.8,5.0,1.0416666666666667,-0.023065476190476258,NORMAL
U0648,5.933333333333334,4.8,4.6,0.7752808988764044,-0.0012038523274478722,NORMAL
U0649,6.533333333333333,6.8,2.2,0.33673469387755106,-0.05193148688046637,NORMAL
U0650,5.866666666666666,4.0,5.4,0.9204545454545455,0.010957792207792251,LOW SHIFT
U0651,5.533333333333333,4.2,6.2,1.1204819277108435,0.020008605851979288,LOW SHIFT
U0652,3.4,8.4,6.6,1.9411764705882353,-0.04516806722689074,LOW SHIFT
U0653,5.0,5.6,6.6,1.3199999999999998,0.0471428571428572,LOW SHIFT
U0654,5.2,4.8,6.2,1.1923076923076923,0.031593406593406564,LOW SHIFT
U0655,5.266666666666667,4.6,7.2,1.3670886075949367,0.027802893309222417,LOW SHIFT
U0656,5.266666666666667,5.0,5.6,1.0632911392405062,0.002712477396021636,NORMAL
U0657,5.4,4.4,3.6,0.6666666666666666,-0.021164021164021145,NORMAL
U0658,5.666666666666667,7.2,6.2,1.0941176470588234,-0.01827731092436976,NORMAL
U0659,6.466666666666667,5.2,3.8,0.5876288659793814,-0.018777614138438793,NORMAL
U0660,4.733333333333333,6.2,3.6,0.7605633802816901,-0.04149899396378252,NORMAL
U0661,5.333333333333333,6.2,3.0,0.5625,-0.052901785714285686,NORMAL
U0662,5.6,5.8,4.0,0.7142857142857143,-0.02869897959183667,NORMAL
U0663,6.2,3.0,6.8,1.096774193548387,0.0449308755760368,LOW SHIFT
U0664,5.266666666666667,6.4,6.8,1.2911392405063291,-0.01017179023508136,NORMAL
U0665,5.466666666666667,6.8,6.0,1.0975609756097562,-0.019599303135888552,NORMAL
U0666,5.133333333333334,6.4,3.6,0.7012987012987013,-0.073051948051948,NORMAL
U0667,5.466666666666667,5.6,4.4,0.8048780487804879,-0.02743902439024392,NORMAL
U0668,5.2,6.6,4.6,0.8846153846153845,-0.04670329670329666,NORMAL
U0669,5.466666666666667,5.6,4.8,0.8780487804878049,-0.011759581881533141,NORMAL
U0670,4.333333333333333,5.4,5.6,1.2923076923076924,0.012362637362637404,LOW SHIFT
U0671,5.133333333333334,4.8,5.4,1.051948051948052,0.008348794063079876,NORMAL
U0672,5.466666666666667,7.0,8.0,1.4634146341463414,0.013066202090592316,LOW SHIFT
U0673,5.533333333333333,7.6,5.6,1.0120481927710843,-0.03356282271944913,NORMAL
U0674,6.2,4.4,3.8,0.6129032258064515,-0.004032258064516117,NORMAL
U0675,5.866666666666666,5.6,6.0,1.0227272727272727,-0.003043831168831122,NORMAL
U0676,5.866666666666666,5.4,3.0,0.5113636363636364,-0.033482142857142745,NORMAL
U0677,5.133333333333334,6.4,2.8,0.5454545454545454,-0.05705009276437835,NORMAL
U0678,3.533333333333333,7.8,7.0,1.9811320754716981,-0.012129380053908354,LOW SHIFT
U0679,6.466666666666667,4.2,2.2,0.3402061855670103,-0.020986745213549294,NORMAL
U0680,5.2,5.2,4.4,0.8461538461538461,-0.00961538461538458,NORMAL
U0681,5.866666666666666,8.0,4.8,0.8181818181818182,-0.025568181818181754,NORMAL
U0682,5.933333333333334,3.6,5.8,0.9775280898876404,0.031902086677367596,LOW SHIFT
U0683,6.266666666666667,4.2,6.0,0.9574468085106383,0.023366261398176304,LOW SHIFT
U0684,5.533333333333333,5.0,4.4,0.7951807228915664,-0.008390705679862354,NORMAL
U0685,5.8,5.0,5.8,1.0,0.019704433497537005,LOW SHIFT
U0686,5.933333333333334,5.6,6.0,1.0112359550561798,0.012640449438202342,LOW SHIFT
U0687,6.0,4.8,5.0,0.8333333333333334,-0.010119047619047625,NORMAL
U0688,4.666666666666667,7.2,5.6,1.2,-0.025255102040816334,NORMAL
U0689,6.866666666666666,3.8,5.0,0.7281553398058253,0.016643550624133186,LOW SHIFT
U0690,5.2,6.2,5.8,1.1153846153846154,0.0006868131868132003,NORMAL
U0691,5.866666666666666,2.0,5.2,0.8863636363636365,0.03287337662337664,LOW SHIFT
U0692,5.4,4.8,5.8,1.074074074074074,0.011243386243386238,LOW SHIFT
U0693,6.666666666666667,4.8,4.6,0.69,-0.007500000000000048,NORMAL
U0694,4.866666666666666,6.4,6.8,1.3972602739726028,0.02128180039138953,LOW SHIFT
U0695,5.666666666666667,7.2,4.8,0.8470588235294116,-0.015126050420167993,NORMAL
U0696,6.666666666666667,5.6,5.4,0.81,-0.0075000000000000015,NORMAL
U0697,4.2,7.8,3.8,0.9047619047619047,-0.08333333333333329,NORMAL
U0698,5.666666666666667,4.0,7.6,1.3411764705882352,0.05042016806722686,LOW SHIFT
U0699,6.333333333333333,4.8,4.6,0.7263157894736841,-0.014097744360902286,NORMAL
U0700,5.2,6.0,6.2,1.1923076923076923,-0.0006868131868131202,NORMAL
U0701,6.666666666666667,2.8,3.4,0.51,0.004821428571428608,NORMAL
U0702,5.933333333333334,7.6,6.8,1.146067415730337,-0.005417335473515259,NORMAL
U0703,4.866666666666666,4.0,5.6,1.1506849315068493,0.04329745596868886,LOW SHIFT
U0704,5.8,6.6,8.2,1.4137931034482758,0.016009852216748704,LOW SHIFT
U0705,5.0,4.8,5.6,1.1199999999999999,0.002142857142857234,NORMAL
U0706,7.2,7.6,7.2,1.0,-0.00396825396825395,NORMAL
U0707,3.6,5.2,3.0,0.8333333333333333,-0.0496031746031746,NORMAL
U0708,5.2,7.2,6.4,1.2307692307692308,-0.023351648351648387,NORMAL
U0709,6.133333333333334,6.2,3.6,0.5869565217391304,-0.03610248447204956,NORMAL
U0710,5.8,3.0,6.0,1.0344827586206897,0.04495073891625611,LOW SHIFT
U0711,5.8,5.0,7.6,1.3103448275862069,0.03201970443349744,LOW SHIFT
U0712,5.533333333333333,4.8,5.8,1.0481927710843373,0.0012908777969018964,NORMAL
U0713,5.6,3.0,3.0,0.5357142857142857,-0.0025510204081632313,NORMAL
U0714,6.666666666666667,4.8,5.6,0.8399999999999999,0.01821428571428575,LOW SHIFT
U0715,6.333333333333333,6.2,2.8,0.4421052631578947,-0.03439849624060151,NORMAL
U0716,4.333333333333333,6.0,3.8,0.8769230769230769,-0.03956043956043944,NORMAL
U0717,6.6,6.8,6.4,0.9696969696969698,-0.004870129870129822,NORMAL
U0718,4.266666666666667,5.2,5.8,1.359375,0.021763392857142856,LOW SHIFT
U0719,4.866666666666666,7.4,5.0,1.0273972602739727,-0.030821917808219038,NORMAL
U0720,5.6,6.6,7.0,1.25,-0.0031887755102041775,NORMAL
U0721,7.2,4.0,5.8,0.8055555555555555,0.0396825396825397,LOW SHIFT
U0722,6.4,4.2,3.8,0.5937499999999999,-0.004464285714285635,NORMAL
U0723,5.733333333333333,5.0,6.2,1.0813953488372092,0.03052325581395349,LOW SHIFT
U0724,6.466666666666667,4.6,6.0,0.9278350515463918,0.016568483063328407,LOW SHIFT
U0725,5.666666666666667,7.0,3.8,0.6705882352941176,-0.05924369747899146,NORMAL
U0726,5.8,5.0,5.2,0.896551724137931,0.02524630541871926,LOW SHIFT
U0727,5.866666666666666,4.8,6.6,1.125,0.018871753246753206,LOW SHIFT
U0728,4.466666666666667,5.8,5.2,1.164179104477612,-0.03757995735607675,NORMAL
U0729,5.933333333333334,5.4,5.8,0.9775280898876404,0.02708667736757628,LOW SHIFT
U0730,6.0,4.6,3.2,0.5333333333333333,-0.02202380952380949,NORMAL
U0731,6.133333333333334,2.2,4.0,0.6521739130434783,0.0244565217391304,LOW SHIFT
U0732,4.666666666666667,5.0,2.6,0.5571428571428572,-0.057397959183673415,NORMAL
U0733,4.466666666666667,6.4,6.6,1.4776119402985073,0.020788912579957325,LOW SHIFT
U0734,5.4,5.4,5.6,1.037037037037037,0.02248677248677248,LOW SHIFT
U0735,3.8,7.2,6.2,1.6315789473684212,-0.06672932330827072,LOW SHIFT
U0736,4.933333333333334,8.0,6.0,1.2162162162162162,-0.04343629343629341,NORMAL
U0737,5.8,6.0,4.4,0.7586206896551725,-0.015394088669950672,NORMAL
U0738,4.866666666666666,7.0,5.8,1.1917808219178083,-0.022015655577299325,NORMAL
U0739,4.933333333333334,6.4,8.0,1.6216216216216215,0.014478764478764445,LOW SHIFT
U0740,5.733333333333333,4.4,6.6,1.1511627906976742,0.04547342192691028,LOW SHIFT
U0741,6.4,6.8,8.0,1.25,0.015066964285714302,LOW SHIFT
U0742,5.733333333333333,5.2,7.0,1.2209302325581395,0.03239202657807311,LOW SHIFT
U0743,6.333333333333333,6.6,5.4,0.8526315789473685,-0.024248120300751883,NORMAL
U0744,6.266666666666667,6.2,6.0,0.9574468085106383,-0.005699088145896709,NORMAL
U0745,5.066666666666666,7.2,2.2,0.43421052631578955,-0.10079887218045105,NORMAL
U0746,5.0,5.8,4.2,0.8400000000000001,-0.01071428571428578,NORMAL
U0747,6.066666666666666,7.0,5.6,0.923076923076923,-0.017072213500784937,NORMAL
U0748,4.133333333333334,4.6,6.4,1.5483870967741935,0.05789170506912437,LOW SHIFT
U0749,4.8,6.0,4.6,0.9583333333333333,-0.011904761904761835,NORMAL
U0750,5.266666666666667,7.0,5.6,1.0632911392405062,-0.010849909584086838,NORMAL
U0751,6.133333333333334,6.6,5.8,0.9456521739130433,-0.009316770186335373,NORMAL
U0752,5.733333333333333,3.8,6.8,1.1860465116279069,0.042981727574750814,LOW SHIFT
U0753,5.666666666666667,5.2,5.8,1.0235294117647058,0.0012605042016806541,NORMAL
U0754,5.933333333333334,6.0,5.0,0.8426966292134831,-0.02829052969502413,NORMAL
U0755,6.066666666666666,7.2,6.2,1.0219780219780221,-0.0076530612244897845,NORMAL
U0756,5.4,5.0,4.8,0.8888888888888888,-0.027116402116402143,NORMAL
U0757,5.6,5.4,5.0,0.8928571428571429,-0.0178571428571429,NORMAL
U0758,4.933333333333334,6.6,4.8,0.9729729729729729,-0.031129343629343605,NORMAL
U0759,5.733333333333333,3.6,5.2,0.9069767441860466,0.031769102990033216,LOW SHIFT
U0760,4.866666666666666,6.8,6.2,1.2739726027397262,-0.005136986301369865,NORMAL
U0761,5.533333333333333,7.0,6.2,1.1204819277108435,-0.009036144578313298,NORMAL
U0762,4.133333333333334,3.8,4.6,1.1129032258064515,0.022465437788018475,LOW SHIFT
U0763,5.2,7.4,5.0,0.9615384615384615,-0.04670329670329666,NORMAL
U0764,6.0,5.6,4.0,0.6666666666666666,-0.025595238095238053,NORMAL
U0765,5.866666666666666,5.6,5.0,0.8522727272727273,-0.008522727272727203,NORMAL
U0766,4.2,5.0,3.0,0.7142857142857143,-0.038265306122448856,NORMAL
U0767,4.733333333333333,2.8,6.2,1.3098591549295775,0.07243460764587524,LOW SHIFT
U0768,5.2,4.8,6.0,1.1538461538461537,0.04120879120879123,LOW SHIFT
U0769,6.6,4.6,6.0,0.9090909090909092,0.006493506493506497,NORMAL
U0770,6.133333333333334,6.4,5.8,0.9456521739130433,-0.0069875776397515,NORMAL
U0771,6.133333333333334,6.8,5.2,0.8478260869565217,-0.01805124223602483,NORMAL
U0772,5.333333333333333,4.6,7.6,1.425,0.041517857142857,LOW SHIFT
U0773,4.8,6.6,7.8,1.625,0.020833333333333284,LOW SHIFT
U0774,6.133333333333334,5.6,4.6,0.7499999999999999,-0.014557453416149113,NORMAL
U0775,6.466666666666667,5.0,6.0,0.9278350515463918,0.016568483063328438,LOW SHIFT
U0776,4.733333333333333,4.6,5.0,1.056338028169014,0.014336016096579524,LOW SHIFT
U0777,6.266666666666667,6.4,5.2,0.8297872340425533,-0.001139817629179394,NORMAL
U0778,4.333333333333333,3.6,6.6,1.523076923076923,0.07664835164835167,LOW SHIFT
U0779,5.8,3.6,5.8,1.0,0.024630541871921107,LOW SHIFT
U0780,7.333333333333333,5.0,4.4,0.6000000000000001,-0.0029220779220778853,NORMAL
U0781,5.2,4.6,3.8,0.7307692307692307,-0.0006868131868131499,NORMAL
U0782,4.8,4.6,4.4,0.9166666666666667,-0.010416666666666704,NORMAL
U0783,5.4,6.0,6.0,1.111111111111111,-0.009920634920634911,NORMAL
U0784,4.733333333333333,6.2,4.4,0.9295774647887325,-0.04376257545271621,NORMAL
U0785,4.133333333333334,5.2,3.0,0.7258064516129031,-0.04752304147465426,NORMAL
U0786,5.066666666666666,7.2,6.4,1.2631578947368423,0.011983082706767003,LOW SHIFT
U0787,6.466666666666667,6.2,6.4,0.9896907216494846,0.02485272459499268,LOW SHIFT
U0788,5.6,5.4,7.0,1.25,0.027423469387755053,LOW SHIFT
U0789,6.266666666666667,7.6,5.4,0.8617021276595745,-0.039323708206686854,NORMAL
U0790,5.266666666666667,6.2,6.0,1.139240506329114,-0.004746835443038037,NORMAL
U0791,6.933333333333334,5.2,6.8,0.9807692307692307,0.0257554945054945,LOW SHIFT
U0792,5.866666666666666,6.8,5.6,0.9545454545454546,-0.028003246753246763,NORMAL
U0793,5.533333333333333,6.0,7.4,1.3373493975903616,0.016135972461273674,LOW SHIFT
U0794,4.466666666666667,3.8,7.8,1.7462686567164178,0.07436034115138583,LOW SHIFT
U0795,5.466666666666667,5.0,5.4,0.9878048780487805,0.011106271777003447,LOW SHIFT
U0796,6.2,5.2,5.6,0.9032258064516128,-0.0011520737327189565,NORMAL
U0797,6.133333333333334,5.8,5.6,0.9130434782608694,-0.0017468944099378618,NORMAL
U0798,7.066666666666666,7.8,3.8,0.5377358490566038,-0.051549865229110495,NORMAL
U0799,5.6,6.4,4.6,0.8214285714285714,-0.04145408163265298,NORMAL
U0800,6.066666666666666,6.0,3.4,0.5604395604395604,-0.04474097331240178,NORMAL
U0801,5.2,4.2,6.0,1.1538461538461537,0.046016483516483554,LOW SHIFT
U0802,6.133333333333334,7.8,7.0,1.141304347826087,-0.011063664596273315,NORMAL
U0803,6.266666666666667,4.6,5.4,0.8617021276595745,0.014247720364741694,LOW SHIFT
U0804,5.6,6.4,5.4,0.9642857142857144,-0.01849489795918369,NORMAL
U0805,6.0,5.8,3.8,0.6333333333333333,-0.020238095238095125,NORMAL
U0806,5.6,5.2,5.8,1.0357142857142858,0.008290816326530536,NORMAL
U0807,5.333333333333333,7.0,2.0,0.375,-0.06763392857142851,NORMAL
U0808,4.733333333333333,5.0,5.4,1.1408450704225352,0.015845070422535162,LOW SHIFT
U0809,4.333333333333333,4.6,4.0,0.9230769230769231,-0.011538461538461546,NORMAL
U0810,7.4,5.4,5.2,0.7027027027027027,0.018339768339768338,LOW SHIFT
U0811,4.666666666666667,5.4,3.6,0.7714285714285714,-0.04591836734693872,NORMAL
U0812,5.2,4.6,4.0,0.7692307692307692,0.0013736263736264691,NORMAL
U0813,4.466666666666667,6.6,4.4,0.9850746268656717,-0.03358208955223884,NORMAL
U0814,4.733333333333333,5.8,5.0,1.056338028169014,-0.014336016096579514,NORMAL
U0815,5.266666666666667,4.6,6.0,1.139240506329114,0.02780289330922238,LOW SHIFT
U0816,5.333333333333333,5.2,4.8,0.9,-0.01741071428571428,NORMAL
U0817,4.533333333333333,8.6,7.0,1.5441176470588236,-0.048844537815125995,LOW SHIFT
U0818,4.6,4.6,7.6,1.6521739130434783,0.02795031055900605,LOW SHIFT
U0819,5.333333333333333,5.0,7.2,1.35,0.015401785714285621,LOW SHIFT
U0820,6.066666666666666,6.0,6.2,1.0219780219780221,0.010596546310832011,LOW SHIFT
U0821,4.133333333333334,5.6,4.0,0.9677419354838709,-0.03801843317972346,NORMAL
U0822,5.133333333333334,7.8,4.6,0.896103896103896,-0.0640074211502782,NORMAL
U0823,5.333333333333333,5.6,4.2,0.7875000000000001,-0.022098214285714343,NORMAL
U0824,5.733333333333333,4.6,7.0,1.2209302325581395,0.048588039867109654,LOW SHIFT
U0825,5.533333333333333,4.4,3.6,0.6506024096385542,-0.014845094664371793,NORMAL
U0826,6.466666666666667,5.8,6.2,0.9587628865979382,-0.0011045655375551606,NORMAL
U0827,5.133333333333334,6.6,3.8,0.7402597402597402,-0.04035250463821895,NORMAL
U0828,5.6,3.4,8.6,1.5357142857142858,0.0701530612244897,LOW SHIFT
U0829,7.333333333333333,5.6,4.4,0.6000000000000001,-0.018506493506493502,NORMAL
U0830,4.133333333333334,7.6,3.6,0.8709677419354838,-0.08726958525345607,NORMAL
U0831,5.466666666666667,8.0,7.4,1.353658536585366,-0.012412891986062697,LOW SHIFT
U0832,5.333333333333333,5.0,4.2,0.7875000000000001,0.004687500000000064,NORMAL
U0833,6.066666666666666,7.4,5.2,0.8571428571428572,-0.030612244897959117,NORMAL
U0834,5.333333333333333,7.2,4.4,0.8250000000000001,-0.050223214285714225,NORMAL
U0835,5.8,6.4,6.4,1.103448275862069,0.006157635467980323,NORMAL
U0836,5.666666666666667,4.8,5.6,0.988235294117647,0.008193277310924311,NORMAL
U0837,6.0,4.8,5.8,0.9666666666666667,0.019047619047619077,LOW SHIFT
U0838,6.4,7.2,3.2,0.5,-0.055245535714285615,NORMAL
U0839,5.0,5.8,3.2,0.64,-0.05714285714285703,NORMAL
U0840,5.4,5.0,6.2,1.1481481481481481,0.01917989417989427,LOW SHIFT
U0841,5.866666666666666,5.6,7.8,1.3295454545454546,0.04687499999999997,LOW SHIFT
U0842,6.2,5.6,4.0,0.6451612903225806,-0.029953917050691215,NORMAL
U0843,5.0,6.8,3.6,0.72,-0.04214285714285697,NORMAL
U0844,6.133333333333334,6.0,5.4,0.8804347826086957,0.001746894409937819,NORMAL
U0845,5.733333333333333,7.8,5.6,0.9767441860465116,-0.04111295681063119,NORMAL
U0846,5.733333333333333,7.2,6.4,1.1162790697674418,-0.036752491694352164,NORMAL
U0847,5.666666666666667,6.6,5.4,0.9529411764705883,-0.03025210084033611,NORMAL
U0848,6.333333333333333,3.4,7.8,1.231578947368421,0.050187969924811955,LOW SHIFT
U0849,5.733333333333333,5.0,6.6,1.1511627906976742,0.02678571428571423,LOW SHIFT
U0850,5.933333333333334,6.0,5.2,0.8764044943820225,-0.017455858747993505,NORMAL
U0851,6.266666666666667,6.0,4.6,0.7340425531914894,-0.0250759878419453,NORMAL
U0852,5.8,5.0,3.6,0.6206896551724138,-0.022167487684729,NORMAL
U0853,5.933333333333334,4.2,3.6,0.6067415730337079,-0.014446227929373917,NORMAL
U0854,6.066666666666666,4.6,7.6,1.2527472527472527,0.05474882260596544,LOW SHIFT
U0855,5.6,5.6,4.4,0.7857142857142858,-0.02232142857142861,NORMAL
U0856,5.866666666666666,7.4,3.4,0.5795454545454546,-0.04504870129870127,NORMAL
U0857,5.533333333333333,6.4,5.0,0.9036144578313253,-0.01161790017211698,NORMAL
U0858,4.333333333333333,4.2,5.2,1.2000000000000002,0.01730769230769223,LOW SHIFT
U0859,5.066666666666666,3.6,5.8,1.1447368421052633,0.037359022556390974,LOW SHIFT
U0860,4.466666666666667,5.6,3.6,0.8059701492537313,-0.03678038379530918,NORMAL
U0861,5.466666666666667,6.0,5.4,0.9878048780487805,-0.017639372822299642,NORMAL
U0862,5.733333333333333,7.4,7.0,1.2209302325581395,-0.019310631229235885,NORMAL
U0863,6.2,5.2,5.2,0.8387096774193549,0.006336405529953985,NORMAL
U0864,6.266666666666667,5.2,2.2,0.35106382978723405,-0.05471124620060787,NORMAL
U0865,5.4,4.6,4.2,0.7777777777777778,-0.008597883597883613,NORMAL
U0866,5.266666666666667,6.4,6.0,1.139240506329114,-0.006103074141048714,NORMAL
U0867,5.733333333333333,5.4,5.0,0.872093023255814,0.003737541528239164,NORMAL
U0868,6.466666666666667,5.8,7.0,1.0824742268041236,0.0016568483063328957,NORMAL
U0869,5.8,4.6,3.4,0.5862068965517241,-0.011699507389162494,NORMAL
U0870,6.0,8.2,4.6,0.7666666666666666,-0.04880952380952379,NORMAL
U0871,5.4,4.0,5.0,0.9259259259259258,0.003968253968254024,NORMAL
U0872,5.8,4.0,5.2,0.896551724137931,0.0178571428571429,LOW SHIFT
U0873,5.8,7.4,6.0,1.0344827586206897,-0.011699507389162518,NORMAL
U0874,5.666666666666667,5.2,7.6,1.3411764705882352,0.01008403361344534,LOW SHIFT
U0875,7.0,6.0,7.0,1.0,0.010204081632653102,LOW SHIFT
U0876,4.8,5.0,5.0,1.0416666666666667,-0.015625000000000066,NORMAL
U0877,4.866666666666666,5.8,5.6,1.1506849315068493,-0.026418786692759284,NORMAL
U0878,4.666666666666667,4.6,5.6,1.2,0.016836734693877527,LOW SHIFT
U0879,5.266666666666667,3.4,5.8,1.10126582278481,0.046112115732368855,LOW SHIFT
U0880,5.533333333333333,4.2,8.0,1.4457831325301205,0.06648020654044746,LOW SHIFT
U0881,5.933333333333334,4.4,5.2,0.8764044943820225,0.006621187800963048,NORMAL
U0882,5.8,4.8,5.6,0.9655172413793103,0.020935960591132993,LOW SHIFT
U0883,7.466666666666667,7.4,5.6,0.7499999999999999,-0.012436224489795939,NORMAL
U0884,5.333333333333333,4.6,5.4,1.0125000000000002,0.010714285714285825,LOW SHIFT
U0885,6.333333333333333,5.2,6.4,1.0105263157894737,0.020300751879699278,LOW SHIFT
U0886,5.2,4.8,5.4,1.0384615384615385,0.012362637362637364,LOW SHIFT
U0887,6.466666666666667,3.8,7.4,1.1443298969072164,0.040868924889543475,LOW SHIFT
U0888,6.133333333333334,4.4,5.8,0.9456521739130433,0.03493788819875776,LOW SHIFT
U0889,6.133333333333334,5.0,5.4,0.8804347826086957,-0.015139751552795053,NORMAL
U0890,5.133333333333334,5.4,5.2,1.0129870129870129,0.004174397031539992,NORMAL
U0891,5.333333333333333,3.2,3.0,0.5625,-0.026116071428571447,NORMAL
U0892,5.533333333333333,3.6,8.0,1.4457831325301205,0.07809810671256455,LOW SHIFT
U0893,4.2,6.4,7.0,1.6666666666666665,-0.005102040816326438,LOW SHIFT
U0894,6.133333333333334,7.6,5.2,0.8478260869565217,-0.028532608695652176,NORMAL
U0895,5.733333333333333,7.2,6.6,1.1511627906976742,-0.01619601328903652,NORMAL
U0896,6.533333333333333,5.4,4.4,0.6734693877551021,-0.019132653061224417,NORMAL
U0897,5.466666666666667,3.8,5.4,0.9878048780487805,0.028745644599303215,LOW SHIFT
U0898,6.066666666666666,5.8,1.8,0.2967032967032967,-0.04945054945054943,NORMAL
U0899,5.533333333333333,5.0,5.6,1.0120481927710843,0.0045180722891565925,NORMAL
U0900,4.333333333333333,7.0,2.8,0.6461538461538462,-0.07829670329670309,NORMAL
U0901,6.466666666666667,4.8,4.6,0.7113402061855669,0.017120765832106102,LOW SHIFT
U0902,5.466666666666667,3.0,5.4,0.9878048780487805,0.026132404181184617,LOW SHIFT
U0903,6.533333333333333,5.4,7.4,1.1326530612244898,0.009293002915451827,NORMAL
U0904,6.0,7.0,5.2,0.8666666666666667,-0.012499999999999897,NORMAL
U0905,5.6,4.6,3.8,0.6785714285714286,-0.022321428571428513,NORMAL
U0906,6.333333333333333,4.0,5.2,0.8210526315789475,0.01748120300751876,LOW SHIFT
U0907,5.933333333333334,4.8,5.6,0.943820224719101,0.012640449438202205,LOW SHIFT
U0908,6.266666666666667,7.0,3.8,0.6063829787234042,-0.05300151975683889,NORMAL
U0909,5.4,5.4,7.2,1.3333333333333333,0.018518518518518427,LOW SHIFT
U0910,5.466666666666667,5.4,4.4,0.8048780487804879,-0.023519163763066262,NORMAL
U0911,6.2,5.0,6.4,1.032258064516129,0.01958525345622122,LOW SHIFT
U0912,4.4,5.0,5.4,1.2272727272727273,-0.002435064935064888,NORMAL
U0913,4.266666666666667,6.2,6.6,1.546875,-0.019252232142857196,LOW SHIFT
U0914,5.0,4.4,6.4,1.28,0.027142857142857028,LOW SHIFT
U0915,5.933333333333334,6.6,4.4,0.7415730337078652,-0.040930979133226325,NORMAL
U0916,4.666666666666667,5.0,6.8,1.457142857142857,0.021428571428571484,LOW SHIFT
U0917,4.866666666666666,5.4,6.8,1.3972602739726028,0.01394324853228959,LOW SHIFT
U0918,6.6,5.8,6.4,0.9696969696969698,0.0021645021645021125,NORMAL
U0919,6.0,4.6,7.4,1.2333333333333334,0.04880952380952379,LOW SHIFT
U0920,5.333333333333333,5.0,7.0,1.3125,0.03816964285714287,LOW SHIFT
U0921,5.133333333333334,5.0,6.8,1.3246753246753245,0.017393320964749555,LOW SHIFT
U0922,5.4,4.4,2.0,0.37037037037037035,-0.03373015873015863,NORMAL
U0923,5.8,6.0,4.8,0.8275862068965517,-0.019088669950738813,NORMAL
U0924,5.2,6.2,3.2,0.6153846153846154,-0.041895604395604316,NORMAL
U0925,5.733333333333333,5.6,6.2,1.0813953488372092,0.020556478405315656,LOW SHIFT
U0926,7.6,5.8,7.0,0.9210526315789475,0.01691729323308273,LOW SHIFT
U0927,5.933333333333334,4.2,4.4,0.7415730337078652,-0.0036115569823434892,NORMAL
U0928,5.733333333333333,5.2,6.6,1.1511627906976742,0.018064784053156115,LOW SHIFT
U0929,6.066666666666666,6.6,5.4,0.8901098901098902,-0.01707221350078495,NORMAL
U0930,6.2,7.4,2.2,0.3548387096774194,-0.07834101382488469,NORMAL
U0931,5.4,7.2,5.6,1.037037037037037,-0.020502645502645488,NORMAL
U0932,5.533333333333333,5.6,4.6,0.8313253012048192,-0.023235800344234083,NORMAL
U0933,6.266666666666667,5.2,4.4,0.7021276595744681,-0.0017097264437689172,NORMAL
U0934,5.466666666666667,7.0,5.8,1.0609756097560976,-0.011106271777003381,NORMAL
U0935,5.133333333333334,5.4,2.8,0.5454545454545454,-0.04104823747680882,NORMAL
U0936,6.133333333333334,7.2,6.4,1.0434782608695652,-0.005822981366459556,NORMAL
U0937,4.533333333333333,5.8,5.4,1.1911764705882355,0.0015756302521009364,NORMAL
U0938,4.2,7.0,6.4,1.5238095238095237,-0.025510204081632744,LOW SHIFT
U0939,5.533333333333333,7.6,5.4,0.9759036144578314,-0.013554216867469836,NORMAL
U0940,5.6,4.8,5.0,0.8928571428571429,0.006377551020408209,NORMAL
U0941,4.2,4.8,5.6,1.3333333333333333,0.030612244897959124,LOW SHIFT
U0942,5.6,7.4,6.6,1.1785714285714286,-0.009566326530612262,NORMAL
U0943,6.2,5.0,4.8,0.7741935483870968,-0.010368663594470072,NORMAL
U0944,6.8,8.6,3.4,0.5,-0.06407563025210081,NORMAL
U0945,5.466666666666667,4.4,7.8,1.4268292682926829,0.057491289198606195,LOW SHIFT
U0946,5.066666666666666,4.6,4.4,0.8684210526315791,0.0007048872180450907,NORMAL
U0947,5.6,5.0,5.4,0.9642857142857144,-0.0038265306122449113,NORMAL
U0948,5.533333333333333,7.6,4.6,0.8313253012048192,-0.04130808950086049,NORMAL
U0949,7.133333333333334,5.8,2.8,0.39252336448598124,-0.04005340453938573,NORMAL
U0950,5.4,5.6,5.0,0.9259259259259258,-0.009259259259259165,NORMAL
U0951,4.533333333333333,4.6,7.0,1.5441176470588236,0.04884453781512609,LOW SHIFT
U0952,6.0,4.2,7.4,1.2333333333333334,0.053571428571428555,LOW SHIFT
U0953,5.266666666666667,3.8,6.6,1.2531645569620253,0.049502712477396044,LOW SHIFT
U0954,6.8,4.6,7.4,1.0882352941176472,0.033613445378151224,LOW SHIFT
U0955,5.933333333333334,6.2,7.0,1.1797752808988764,0.012038523274478335,LOW SHIFT
U0956,5.6,5.2,4.6,0.8214285714285714,-0.00892857142857139,NORMAL
U0957,5.6,3.6,4.0,0.7142857142857143,0.020408163265306114,LOW SHIFT
U0958,4.2,5.0,4.6,1.0952380952380951,-0.018707482993197265,NORMAL
U0959,5.266666666666667,5.6,5.6,1.0632911392405062,-0.008137432188065114,NORMAL
U0960,5.466666666666667,6.8,4.4,0.8048780487804879,-0.05422473867595817,NORMAL
U0961,6.333333333333333,7.2,5.8,0.9157894736842105,-0.021428571428571352,NORMAL
U0962,4.466666666666667,7.6,6.4,1.4328358208955225,-0.037579957356076756,LOW SHIFT
U0963,7.133333333333334,7.4,5.6,0.7850467289719625,-0.026034712950600707,NORMAL
U0964,5.4,5.2,5.2,0.9629629629629629,-0.013888888888888878,NORMAL
U0965,6.266666666666667,3.0,5.6,0.8936170212765957,0.052431610942249234,LOW SHIFT
U0966,6.333333333333333,4.0,5.6,0.8842105263157894,0.01127819548872184,LOW SHIFT
U0967,5.2,4.0,4.6,0.8846153846153845,0.007554945054945,NORMAL
U0968,6.333333333333333,3.4,6.2,0.9789473684210527,0.04511278195488718,LOW SHIFT
U0969,5.466666666666667,6.6,5.8,1.0609756097560976,-0.010452961672473851,NORMAL
U0970,5.333333333333333,5.0,7.4,1.3875000000000002,0.03883928571428561,LOW SHIFT
U0971,4.333333333333333,6.8,6.2,1.430769230769231,-0.0486263736263737,LOW SHIFT
U0972,6.866666666666666,5.8,5.6,0.8155339805825242,-0.016643550624133238,NORMAL
U0973,6.666666666666667,5.8,4.8,0.72,-0.005357142857142814,NORMAL
U0974,5.533333333333333,6.0,5.6,1.0120481927710843,-0.020654044750430294,NORMAL
U0975,4.266666666666667,5.2,5.4,1.265625,0.005859374999999958,NORMAL
U0976,5.733333333333333,3.2,6.2,1.0813953488372092,0.04734219269102987,LOW SHIFT
U0977,5.933333333333334,4.4,5.2,0.8764044943820225,0.01324237560192609,LOW SHIFT
U0978,4.8,3.8,4.8,1.0,-0.0029761904761904634,NORMAL
U0979,6.6,4.8,4.0,0.6060606060606061,-0.012445887445887512,NORMAL
U0980,4.6,2.8,3.0,0.6521739130434783,0.0007763975155280123,NORMAL
U0981,3.7333333333333334,4.8,3.2,0.8571428571428572,-0.04591836734693882,NORMAL
U0982,5.933333333333334,3.2,5.2,0.8764044943820225,0.01625200642054573,LOW SHIFT
U0983,5.6,5.8,4.2,0.7500000000000001,-0.01849489795918356,NORMAL
U0984,5.533333333333333,5.6,5.4,0.9759036144578314,0.018717728055077532,LOW SHIFT
U0985,5.666666666666667,3.2,4.4,0.7764705882352941,0.026470588235294096,LOW SHIFT
U0986,6.6,6.6,7.2,1.090909090909091,-0.0027056277056277554,NORMAL
U0987,6.4,5.4,5.6,0.8749999999999999,0.0005580357142857041,NORMAL
U0988,5.533333333333333,4.6,4.6,0.8313253012048192,0.01936316695352846,LOW SHIFT
U0989,5.2,3.6,5.0,0.9615384615384615,0.039148351648351655,LOW SHIFT
U0990,5.933333333333334,5.4,6.0,1.0112359550561798,0.01023274478330658,LOW SHIFT
U0991,5.733333333333333,4.2,4.8,0.8372093023255813,0.01931063122923588,LOW SHIFT
U0992,5.6,4.0,5.0,0.8928571428571429,0.03125000000000004,LOW SHIFT
U0993,6.266666666666667,6.2,4.8,0.7659574468085106,-0.008548632218845003,NORMAL
U0994,5.4,5.4,4.4,0.8148148148148149,-0.016534391534391516,NORMAL
U0995,5.266666666666667,2.8,3.4,0.6455696202531646,0.020343580470162798,LOW SHIFT
U0996,6.266666666666667,6.2,6.0,0.9574468085106383,-0.003989361702127624,NORMAL
U0997,5.666666666666667,5.2,4.2,0.7411764705882353,-0.00882352941176473,NORMAL
U0998,5.8,3.6,4.4,0.7586206896551725,0.019704433497537005,LOW SHIFT
U0999,7.066666666666666,7.0,5.6,0.7924528301886792,-0.00808625336927222,NORMAL
U1000,6.666666666666667,5.0,3.4,0.51,-0.02410714285714282,NORMAL
